image,class_prob,label
ID_36ee4f448.png,0.023436725,0
ID_cafbf4ffb.png,0.027965724,0
ID_7dd6c9d4c.png,0.10254049,0
ID_f6044c733.png,0.93991745,1
ID_609806ebc.png,0.023496568,0
ID_4b04636db.png,0.74266887,1
ID_618275097.png,0.9371629,1
ID_178eac3ae.png,0.035622716,0
ID_5902681f6.png,0.023620188,0
ID_6896517c5.png,0.024224758,0
ID_cf0fd8e43.png,0.7181355,1
ID_32f7337e0.png,0.034142435,0
ID_fdfafd5af.png,0.5317528,1
ID_0cd589ea0.png,0.023579657,0
ID_d52ae1077.png,0.02348584,0
ID_2f8a6cdf0.png,0.26549566,0
ID_d44f7dbd4.png,0.13307387,0
ID_3b8049563.png,0.023503363,0
ID_de5449f04.png,0.023609996,0
ID_0dd0433f5.png,0.70757663,1
ID_9b4c1198f.png,0.5251335,1
ID_9d49f7111.png,0.023616314,0
ID_27b318c87.png,0.024258137,0
ID_fdf5c5c3d.png,0.030269742,0
ID_564e603f2.png,0.19194907,0
ID_8991a8019.png,0.023507893,0
ID_6c0b9316f.png,0.023517668,0
ID_c9f57d5bd.png,0.9372209,1
ID_f6af7c99d.png,0.024527848,0
ID_53817868f.png,0.024901688,0
ID_f7e69cafe.png,0.023931146,0
ID_7583ecc23.png,0.026112318,0
ID_42a855846.png,0.6155132,1
ID_70b9c271d.png,0.023434818,0
ID_3dd8a3b57.png,0.9251991,1
ID_137bc3f46.png,0.03080672,0
ID_2c1930116.png,0.025499225,0
ID_ad840cc09.png,0.024452507,0
ID_ce72d089c.png,0.027047813,0
ID_d83fd354c.png,0.042488158,0
ID_a353aa4c3.png,0.5649644,1
ID_711f7c29f.png,0.030500054,0
ID_8b9cced64.png,0.94190097,1
ID_fe80ced2e.png,0.9448636,1
ID_5365a7907.png,0.72612095,1
ID_67d2c37d4.png,0.68232244,1
ID_a48398fe0.png,0.026966333,0
ID_d2a7af0c3.png,0.024690568,0
ID_1fddc15c0.png,0.036625564,0
ID_f616537c9.png,0.027119458,0
ID_1f173e74c.png,0.023442328,0
ID_47f872463.png,0.7640581,1
ID_28dbe4ccb.png,0.02619791,0
ID_252b1718e.png,0.087866485,0
ID_a82e79877.png,0.0764187,0
ID_9ee80b33a.png,0.2938711,0
ID_8b851cbfb.png,0.02350986,0
ID_569b5ad81.png,0.024977386,0
ID_40499afe0.png,0.024454117,0
ID_3addad7e1.png,0.02385813,0
ID_f7689ba56.png,0.9437917,1
ID_5da54e2fd.png,0.70174265,1
ID_5244596ac.png,0.027501106,0
ID_db54d1349.png,0.9446262,1
ID_54b1c8c92.png,0.067242205,0
ID_d0c0dc2a2.png,0.039903283,0
ID_fed7ffa6e.png,0.030947566,0
ID_fc1082b5a.png,0.023544848,0
ID_d89119971.png,0.03219694,0
ID_fbe7ad482.png,0.9362774,1
ID_5718ac973.png,0.052054226,0
ID_8f0a96697.png,0.9439668,1
ID_681ee00e5.png,0.10111219,0
ID_d95032c6b.png,0.23556936,0
ID_aacee1bd1.png,0.023465276,0
ID_506853164.png,0.023957074,0
ID_a1f626218.png,0.024514437,0
ID_610e7d7ef.png,0.060625136,0
ID_aab2ee778.png,0.7772196,1
ID_676c6782f.png,0.9423469,1
ID_48a7e89dc.png,0.024012923,0
ID_20846872b.png,0.023538172,0
ID_56ed6fd40.png,0.025117874,0
ID_2854474fb.png,0.026447177,0
ID_123e2f5b7.png,0.023570776,0
ID_b113dad7b.png,0.94259405,1
ID_400e75f9a.png,0.0329051,0
ID_79cb13c9f.png,0.07516366,0
ID_7aef3400f.png,0.8612908,1
ID_15e1be26c.png,0.02512163,0
ID_ec436eb1c.png,0.03187263,0
ID_fe4411bf8.png,0.9401459,1
ID_991b31b65.png,0.023755193,0
ID_be9411eaa.png,0.023783743,0
ID_78405548f.png,0.9351534,1
ID_636060bd7.png,0.023779035,0
ID_4a3bf7a6f.png,0.04397738,0
ID_603d0752a.png,0.93547696,1
ID_10ec8ac36.png,0.02676344,0
ID_3e9cd2bf9.png,0.07583141,0
ID_1920f52c0.png,0.04949367,0
ID_69627bf98.png,0.14173609,0
ID_ee6ee194a.png,0.48403007,1
ID_ed27afbe0.png,0.8405279,1
ID_b4427a13c.png,0.83878624,1
ID_fd4b85ffb.png,0.02384144,0
ID_1017e641a.png,0.53574276,1
ID_987863495.png,0.60580206,1
ID_df96516cc.png,0.026052833,0
ID_463d5303f.png,0.03839141,0
ID_85545856a.png,0.024231672,0
ID_b0820b70c.png,0.023521006,0
ID_84178d4c6.png,0.4380687,0
ID_a7e017c2a.png,0.94378686,1
ID_020ac40e5.png,0.023989856,0
ID_afd8ca667.png,0.027782023,0
ID_4c1750eb0.png,0.032089114,0
ID_af8eb43f4.png,0.024738193,0
ID_cfa0b2d68.png,0.024544597,0
ID_4f8940317.png,0.03386724,0
ID_2fb228080.png,0.026633024,0
ID_e961bb75c.png,0.024218738,0
ID_9998412e8.png,0.033201277,0
ID_7fce0e8c8.png,0.09039742,0
ID_c9fe9d548.png,0.024462163,0
ID_669ea4ef9.png,0.52474505,1
ID_51b713bb5.png,0.04126346,0
ID_57dc0dc00.png,0.10629189,0
ID_5b6868bb6.png,0.056942582,0
ID_48f0b0f1b.png,0.02358371,0
ID_b10650a1e.png,0.044454455,0
ID_213b7e68f.png,0.02460283,0
ID_6ec2836ee.png,0.023437917,0
ID_f838f35b7.png,0.056416452,0
ID_9d95e40c8.png,0.03366536,0
ID_6162b2da3.png,0.943275,1
ID_c839d3873.png,0.031579018,0
ID_475a526d3.png,0.023658872,0
ID_fa834c78d.png,0.07926434,0
ID_4fdc3bac7.png,0.023789763,0
ID_f54702efd.png,0.023447096,0
ID_03823fe41.png,0.03245133,0
ID_10909db5d.png,0.02385813,0
ID_ff721017d.png,0.023842871,0
ID_3dc13b073.png,0.046141982,0
ID_a0b6ae9b8.png,0.023652792,0
ID_b214c95b8.png,0.023733377,0
ID_139cd050d.png,0.023964882,0
ID_22dff7f17.png,0.06395173,0
ID_77c3a33a0.png,0.023571312,0
ID_fd38c26be.png,0.8521446,1
ID_57649bc2b.png,0.9366972,1
ID_a142167c6.png,0.02393639,0
ID_e7eac7dab.png,0.49420518,1
ID_14fb94ef8.png,0.9433676,1
ID_92d5003a8.png,0.9414073,1
ID_52649e285.png,0.9409715,1
ID_473de543f.png,0.024879038,0
ID_6e8fb70f8.png,0.02810496,0
ID_716f1b2fd.png,0.057435215,0
ID_da32d80c5.png,0.028972208,0
ID_eb6e29eb3.png,0.026637435,0
ID_fa01c9546.png,0.67831004,1
ID_12d31a37a.png,0.025660753,0
ID_a2bc3f7ea.png,0.07581633,0
ID_9ece0ae6a.png,0.3872472,0
ID_54a22f0b5.png,0.0240103,0
ID_2919c668c.png,0.061726093,0
ID_e285699d4.png,0.024712026,0
ID_fdedf0fda.png,0.023850381,0
ID_f83066337.png,0.023868322,0
ID_a93f9f61b.png,0.02443242,0
ID_3e72d3f2a.png,0.040269494,0
ID_fb568afd7.png,0.03460276,0
ID_a1604a52b.png,0.0344584,0
ID_08af94ebc.png,0.05406034,0
ID_f4f342654.png,0.02427268,0
ID_6021a0db1.png,0.024338722,0
ID_a0edcc909.png,0.025755465,0
ID_b60d17613.png,0.9430767,1
ID_1ed249b28.png,0.9357898,1
ID_f6848f70f.png,0.023469388,0
ID_29ceaa96b.png,0.057418346,0
ID_be47c2a35.png,0.028309286,0
ID_74681cc9e.png,0.8903035,1
ID_4e5624ae6.png,0.024613023,0
ID_ad28a2a59.png,0.46602046,1
ID_9bbb504af.png,0.0234887,0
ID_677aec193.png,0.026348412,0
ID_e9d209d24.png,0.94410014,1
ID_823ca20e1.png,0.046677828,0
ID_9a578e585.png,0.024421215,0
ID_7979f0f5d.png,0.025170922,0
ID_df9946d3f.png,0.024553597,0
ID_e98acba0c.png,0.2662472,0
ID_d76105f66.png,0.024065018,0
ID_fc5953e9a.png,0.0367769,0
ID_741600387.png,0.67567873,1
ID_b5ce4ce4d.png,0.93891954,1
ID_b8375ba66.png,0.023513138,0
ID_08a11a438.png,0.023496449,0
ID_7d6eca48d.png,0.02667278,0
ID_2690fc2c5.png,0.023753822,0
ID_88c769f4f.png,0.024910629,0
ID_9314bf67d.png,0.023562014,0
ID_4efe34798.png,0.023557842,0
ID_1bcb81de9.png,0.028854728,0
ID_7b7658147.png,0.025316894,0
ID_0f26df1fd.png,0.023430169,0
ID_4826c6ca8.png,0.024463296,0
ID_88565628f.png,0.028256357,0
ID_5616f31d8.png,0.035327017,0
ID_66f2227bc.png,0.023659885,0
ID_546f8c282.png,0.023545623,0
ID_52ba4ddc3.png,0.9403526,1
ID_c1f2dd375.png,0.107941866,0
ID_76dc2ade4.png,0.023409605,0
ID_be5f554d1.png,0.07391822,0
ID_343cf1433.png,0.8255404,1
ID_87021b12b.png,0.9423906,1
ID_53daac7d1.png,0.02350998,0
ID_93f8334ed.png,0.02606684,0
ID_3e78643f8.png,0.025108516,0
ID_76153de31.png,0.9373277,1
ID_5f4591bd2.png,0.024814844,0
ID_71e2bdcad.png,0.023456395,0
ID_9aa38c2d9.png,0.02374351,0
ID_1086d1e68.png,0.9447646,1
ID_baab81e79.png,0.02374667,0
ID_640cd94a5.png,0.036628306,0
ID_cad6bc2e2.png,0.9267159,1
ID_827158fe6.png,0.9261308,1
ID_43a827f96.png,0.02452588,0
ID_73b225eaf.png,0.0355587,0
ID_360371ba0.png,0.24163502,0
ID_38ca2b616.png,0.02635771,0
ID_3e1a776a4.png,0.02434212,0
ID_d0e06a8c1.png,0.9436252,1
ID_7fd627c21.png,0.6431111,1
ID_2ed871023.png,0.026553154,0
ID_b4e6af7fe.png,0.030152023,0
ID_cc871e88c.png,0.0236125,0
ID_aafb642f4.png,0.023771882,0
ID_a02ed5ef2.png,0.20559883,0
ID_d147c8dee.png,0.023988187,0
ID_4d0c23642.png,0.7594451,1
ID_42b4053ad.png,0.83107346,1
ID_3665ca71d.png,0.023858368,0
ID_fb2cf31c6.png,0.023516297,0
ID_45f8add69.png,0.03252232,0
ID_cf0f51c3e.png,0.024735153,0
ID_47fe5a206.png,0.9201786,1
ID_995e2380d.png,0.9433557,1
ID_6930d8cdb.png,0.1653977,0
ID_fa9b27dcf.png,0.93240774,1
ID_bad6626bf.png,0.02357757,0
ID_fea0567c3.png,0.6160418,1
ID_5f45c351b.png,0.023706555,0
ID_689cae2af.png,0.94511455,1
ID_c26ea5144.png,0.025587738,0
ID_870a9f471.png,0.023554862,0
ID_accf43a13.png,0.023612022,0
ID_ff737b18d.png,0.027934313,0
ID_30196ec65.png,0.023795843,0
ID_23a8eee8f.png,0.8342598,1
ID_38bc2bc57.png,0.04090351,0
ID_0f097cd26.png,0.8964623,1
ID_9cc7afaba.png,0.024457276,0
ID_d548d51d1.png,0.14621389,0
ID_4240dfc4e.png,0.568241,1
ID_092458962.png,0.14707392,0
ID_eb437d848.png,0.02387911,0
ID_0d98731cd.png,0.023892522,0
ID_45d3fb5f3.png,0.031404674,0
ID_9f64ac288.png,0.28739935,0
ID_727f89503.png,0.024380028,0
ID_7ea5447f5.png,0.024081409,0
ID_9329f7ecc.png,0.94179976,1
ID_ab88d837a.png,0.02354896,0
ID_856369a94.png,0.023433208,0
ID_c7c084308.png,0.1736983,0
ID_0e35418bf.png,0.91710347,1
ID_69385b406.png,0.02682513,0
ID_047c1749d.png,0.94139344,1
ID_ce6b4cd61.png,0.048240244,0
ID_bf0c37dd8.png,0.027006924,0
ID_9258110b0.png,0.024181843,0
ID_5a9f5e9d7.png,0.024041414,0
ID_ae399f797.png,0.6257125,1
ID_f73b30c5f.png,0.029906869,0
ID_17a6c67e1.png,0.94146776,1
ID_5a8e61147.png,0.026652217,0
ID_5b367694a.png,0.047199607,0
ID_d0c466bc9.png,0.023664951,0
ID_5adbd49e4.png,0.10122746,0
ID_8c1670bf3.png,0.024677634,0
ID_3816eb343.png,0.024900794,0
ID_0e1e5591e.png,0.049040914,0
ID_6023cb909.png,0.030203044,0
ID_cc169bf90.png,0.39478362,0
ID_3551d3b3a.png,0.026637554,0
ID_e969d9809.png,0.9443208,1
ID_c34862e6e.png,0.15673226,0
ID_364959625.png,0.93794644,1
ID_f04420ea2.png,0.06748891,0
ID_87a258052.png,0.93996394,1
ID_66f231d0c.png,0.52667266,1
ID_86dd59350.png,0.92147094,1
ID_db30778a7.png,0.023447216,0
ID_a5e5a88b1.png,0.023819268,0
ID_debcba6d1.png,0.8847894,1
ID_dc9b5ce1c.png,0.024420857,0
ID_1f00b126a.png,0.8884684,1
ID_d4375db44.png,0.18639022,0
ID_0e44bcf40.png,0.024696589,0
ID_cb62dd5df.png,0.060098767,0
ID_2026a9b7d.png,0.89478636,1
ID_30aa587f1.png,0.023669958,0
ID_c42ff1630.png,0.027769804,0
ID_aa23f6db9.png,0.025652826,0
ID_ad8a7da74.png,0.03897965,0
ID_5b64e3f13.png,0.027342916,0
ID_8e8bf5dfd.png,0.04104823,0
ID_d278731e8.png,0.2210896,0
ID_853238a00.png,0.7881059,1
ID_ac49f5dc6.png,0.11781436,0
ID_57f0dedd5.png,0.02430284,0
ID_5ad31003f.png,0.93425804,1
ID_44f60f132.png,0.023656785,0
ID_5796d1b55.png,0.94016707,1
ID_cb97bca82.png,0.023636818,0
ID_05af0c7a9.png,0.61142623,1
ID_44d023e31.png,0.9382853,1
ID_cec29f37e.png,0.023632169,0
ID_4dc134cbc.png,0.93801254,1
ID_abc98e29b.png,0.024538398,0
ID_8526b2af0.png,0.092438996,0
ID_9d807ffc2.png,0.9362347,1
ID_4d392b086.png,0.11177313,0
ID_d83f1a123.png,0.026262999,0
ID_776684691.png,0.029184282,0
ID_769d8a5d5.png,0.8950223,1
ID_bd66ce24c.png,0.9435024,1
ID_d2cf29991.png,0.93615866,1
ID_d5dd937c1.png,0.5566379,1
ID_23763c088.png,0.1895951,0
ID_77f6f3b49.png,0.024883866,0
ID_db75e94cd.png,0.9118522,1
ID_bc3a33c4d.png,0.024888098,0
ID_600d6b292.png,0.0662964,0
ID_519f4cc14.png,0.023744643,0
ID_bc82f849a.png,0.024107516,0
ID_1ddb3c007.png,0.11596811,0
ID_5285a9c6d.png,0.024151862,0
ID_a3b6fe9d6.png,0.023969889,0
ID_c8d893b79.png,0.807494,1
ID_e2bb1fa29.png,0.047240436,0
ID_61b2b046c.png,0.9435996,1
ID_84155facb.png,0.942149,1
ID_a4e8c7749.png,0.04092115,0
ID_44ef95c37.png,0.02444911,0
ID_5f4178867.png,0.040786505,0
ID_4ca6832d0.png,0.028162837,0
ID_b096455fb.png,0.28238147,0
ID_a4c90327c.png,0.06426448,0
ID_a9af82aca.png,0.032216966,0
ID_47c126c9b.png,0.9426856,1
ID_8d4493ddb.png,0.024205029,0
ID_364bed13f.png,0.025562286,0
ID_e47b5b407.png,0.023937166,0
ID_bea58ce7d.png,0.024901927,0
ID_5282d796f.png,0.94413626,1
ID_67e3a8d60.png,0.026625931,0
ID_b3f5a9135.png,0.02362132,0
ID_a9c8216e2.png,0.02465576,0
ID_0c8fca435.png,0.0243361,0
ID_978a05961.png,0.12289059,0
ID_5bd8c5aac.png,0.024627864,0
ID_7ba1a5058.png,0.025522172,0
ID_19a145ae2.png,0.024444997,0
ID_d71ca5535.png,0.6060264,1
ID_5d55f1cb7.png,0.92978257,1
ID_54e090805.png,0.024616659,0
ID_b86c30c23.png,0.027489066,0
ID_03b19635d.png,0.024022698,0
ID_56b157919.png,0.023653507,0
ID_11550cd65.png,0.025734723,0
ID_cedf95a2c.png,0.025670826,0
ID_847523aec.png,0.050526083,0
ID_46bd45e56.png,0.023454368,0
ID_a868c04c6.png,0.35996825,0
ID_c18e25a0c.png,0.94317216,1
ID_effce3ad4.png,0.024637938,0
ID_3e21a5fa7.png,0.03920883,0
ID_091dd72da.png,0.87960964,1
ID_5ce761385.png,0.9402,1
ID_4eb978211.png,0.023664296,0
ID_40266e2c5.png,0.030887127,0
ID_7c5b47595.png,0.02344507,0
ID_c346fdee6.png,0.09577727,0
ID_603140287.png,0.023635328,0
ID_aaf9d548e.png,0.025132954,0
ID_23d0cc9fc.png,0.02488941,0
ID_7e773894d.png,0.034090877,0
ID_e4b5ea062.png,0.9240475,1
ID_c045fd9aa.png,0.024490833,0
ID_3ea0896b8.png,0.023665547,0
ID_22b5cff08.png,0.025440097,0
ID_b497a7f79.png,0.8209861,1
ID_5a4d6ffd5.png,0.024425983,0
ID_60cc1da60.png,0.027011931,0
ID_163e396fc.png,0.19890809,0
ID_cb5d295e7.png,0.03924507,0
ID_786d8716c.png,0.040074468,0
ID_61481fb99.png,0.023798943,0
ID_bcfdd7470.png,0.023866177,0
ID_cf4da88ea.png,0.027935803,0
ID_ad1033343.png,0.6797723,1
ID_6032a999d.png,0.9420377,1
ID_b86340baf.png,0.02362132,0
ID_87e4ef29d.png,0.023748279,0
ID_ab4454734.png,0.92636377,1
ID_b187173a3.png,0.07125056,0
ID_2ff552a8d.png,0.025320888,0
ID_bac88d7eb.png,0.02470398,0
ID_7ea0c4a0e.png,0.83942646,1
ID_69f6699cd.png,0.038057625,0
ID_d591240cd.png,0.023985207,0
ID_73ba71d77.png,0.506656,1
ID_0316f7423.png,0.025638223,0
ID_c0d933396.png,0.05347097,0
ID_7c406b8f0.png,0.023604512,0
ID_8f0a3a993.png,0.029183507,0
ID_c43a55a60.png,0.023851633,0
ID_c7867f7c4.png,0.024053335,0
ID_ad4492d2f.png,0.023566902,0
ID_116441e6c.png,0.023905456,0
ID_44e2719cf.png,0.73971593,1
ID_1086dd13f.png,0.024344623,0
ID_7ebcbca7d.png,0.025422215,0
ID_b97ffd4d4.png,0.025911689,0
ID_06464bf67.png,0.023572803,0
ID_748c01d93.png,0.023987055,0
ID_4dabdd9bc.png,0.7328728,1
ID_a411e3882.png,0.02357316,0
ID_d516250bf.png,0.8325011,1
ID_384607178.png,0.035368085,0
ID_afaf82faf.png,0.025329173,0
ID_7eea84450.png,0.023758471,0
ID_f90b26a5f.png,0.22822297,0
ID_d02c1998d.png,0.8645719,1
ID_7f554a3b1.png,0.028650105,0
ID_a941a7e98.png,0.10679102,0
ID_6eb746a9a.png,0.27784657,0
ID_2890e20d3.png,0.18457144,0
ID_97bcb9769.png,0.5191667,1
ID_b4751a7ab.png,0.026707351,0
ID_ebd127ad0.png,0.94303346,1
ID_439cb240a.png,0.03461063,0
ID_4083ccc63.png,0.02573669,0
ID_d7265a952.png,0.94320714,1
ID_73e3de124.png,0.024949312,0
ID_3a20895ff.png,0.023869276,0
ID_7f973d8e9.png,0.19708413,0
ID_1792d3198.png,0.023464262,0
ID_7f6a9c4cb.png,0.029057503,0
ID_69c158b1f.png,0.94399434,1
ID_490a04f54.png,0.025003433,0
ID_fa9d76d07.png,0.056217253,0
ID_4a4df3da7.png,0.030579627,0
ID_c12ca7fcf.png,0.11382848,0
ID_4e4b8c7be.png,0.024386466,0
ID_47c5149d9.png,0.8627824,1
ID_b56c4f9ec.png,0.9440352,1
ID_e0ef3b4ab.png,0.023792207,0
ID_b9ebda214.png,0.023709416,0
ID_eed0e9786.png,0.048779607,0
ID_1e99a809e.png,0.19646919,0
ID_7266f172d.png,0.023442686,0
ID_e94a742b0.png,0.94188476,1
ID_00593ac6d.png,0.26561087,0
ID_04f8f080a.png,0.5612867,1
ID_db2f54c75.png,0.03564185,0
ID_e66287ac8.png,0.035039425,0
ID_7ef7c4727.png,0.9423705,1
ID_3b294e046.png,0.026920974,0
ID_087f48d7f.png,0.026215494,0
ID_0e63f6a3c.png,0.023788929,0
ID_e6c7ff1df.png,0.1852175,0
ID_f526fa292.png,0.07311642,0
ID_161a365dd.png,0.10998565,0
ID_c50869841.png,0.13352203,0
ID_9748851ee.png,0.023717701,0
ID_8eb1dee54.png,0.92392325,1
ID_ab38b3b55.png,0.023447216,0
ID_8851580e1.png,0.08687204,0
ID_b7aac2cba.png,0.024925947,0
ID_860419ac2.png,0.027716875,0
ID_bb5218805.png,0.9105489,1
ID_821af43d1.png,0.85230154,1
ID_38bb7d85b.png,0.024041057,0
ID_66ecdb66f.png,0.023862123,0
ID_dd9d9d17c.png,0.9010666,1
ID_2bb6883b4.png,0.04453826,0
ID_d1e98d7bd.png,0.024462402,0
ID_e442db9c4.png,0.024433553,0
ID_ec3016399.png,0.025125265,0
ID_fd6257429.png,0.029349208,0
ID_d56519087.png,0.7617685,1
ID_081337ca5.png,0.038107276,0
ID_70332193d.png,0.047094285,0
ID_7cff7f454.png,0.02366519,0
ID_44d7d4f95.png,0.052802622,0
ID_d787fc2cb.png,0.025520265,0
ID_d4ce50774.png,0.024160266,0
ID_15a6f909c.png,0.023894131,0
ID_ebc275f98.png,0.028028786,0
ID_cfbd20ee7.png,0.023407757,0
ID_e5af0e7cb.png,0.023509026,0
ID_a26377ca1.png,0.94472426,1
ID_add84fdb1.png,0.02466005,0
ID_b9847e8b6.png,0.8023124,1
ID_9a02d24c2.png,0.02383393,0
ID_4f630208f.png,0.027135134,0
ID_2d637e6ce.png,0.0235883,0
ID_eaad30cb8.png,0.023629725,0
ID_747dc78e9.png,0.9177956,1
ID_27ec8af28.png,0.03577155,0
ID_cb071202a.png,0.051600456,0
ID_63e85c616.png,0.02545011,0
ID_df59b3761.png,0.84818804,1
ID_d0be4282c.png,0.023427904,0
ID_2495a7803.png,0.89044166,1
ID_2aa1cd67b.png,0.023513734,0
ID_5dab8bf3f.png,0.14153433,0
ID_7c5365a3b.png,0.023611248,0
ID_cac8a5e4a.png,0.035317242,0
ID_d2ce0f2ff.png,0.023561,0
ID_58fc524c7.png,0.02560687,0
ID_c69c203ea.png,0.04380095,0
ID_820a93b22.png,0.023756683,0
ID_843ff7447.png,0.9055805,1
ID_a41a547f0.png,0.93482876,1
ID_6f468f594.png,0.78741276,1
ID_34dae40ab.png,0.7117755,1
ID_08c522a6a.png,0.03501308,0
ID_ebb2bbe58.png,0.023488939,0
ID_df062ff50.png,0.02347517,0
ID_07cf867d4.png,0.023644626,0
ID_4ddfd89bf.png,0.023579776,0
ID_40abb7015.png,0.07186115,0
ID_da156e38d.png,0.024312973,0
ID_87b1f8969.png,0.02652955,0
ID_1c1845a32.png,0.13879377,0
ID_0dfa94b38.png,0.024124324,0
ID_e8757ec0a.png,0.023387551,0
ID_3f4660a89.png,0.028360248,0
ID_7c59e2bc9.png,0.93192834,1
ID_32ccf9c77.png,0.026589513,0
ID_e25e61b35.png,0.22931987,0
ID_a77ae9ac1.png,0.94445276,1
ID_32cf37757.png,0.93580335,1
ID_e6c1cf23a.png,0.023545325,0
ID_9f619d31b.png,0.033858895,0
ID_ea2d1f89f.png,0.034134865,0
ID_3570e1ef7.png,0.024704993,0
ID_0b7d6530c.png,0.23694235,0
ID_f99a4e422.png,0.024324417,0
ID_1c4663da2.png,0.6305926,1
ID_bbc92e464.png,0.07497722,0
ID_e57495b23.png,0.02360326,0
ID_d052edd97.png,0.023502588,0
ID_16fdc37dd.png,0.6529103,1
ID_5e994cedb.png,0.02540356,0
ID_e0ca59ea5.png,0.028706074,0
ID_b2f943908.png,0.04631418,0
ID_5fc3e24ab.png,0.023982286,0
ID_018f96b48.png,0.024683118,0
ID_0cbc86b48.png,0.14593434,0
ID_3f3e60504.png,0.91574496,1
ID_878e19940.png,0.023407519,0
ID_0e52a91c4.png,0.91320884,1
ID_407fc6d1e.png,0.13734156,0
ID_b29927550.png,0.027918637,0
ID_947e01a8a.png,0.906306,1
ID_6d1e4d39e.png,0.024101734,0
ID_1a04dd842.png,0.039262295,0
ID_267253d29.png,0.93849474,1
ID_b05761cc2.png,0.098067045,0
ID_a34aa6e3d.png,0.1440934,0
ID_3ccc88aac.png,0.07451612,0
ID_acd339dc2.png,0.06640464,0
ID_17f900cf7.png,0.061133683,0
ID_a18af4def.png,0.058924913,0
ID_6ba73e93d.png,0.026662946,0
ID_70a8939d5.png,0.04589975,0
ID_8749840a0.png,0.023740172,0
ID_3cee7413a.png,0.02372986,0
ID_f025b6b46.png,0.025674999,0
ID_267c5bbaf.png,0.023535073,0
ID_379f11bfd.png,0.023924708,0
ID_fc36bce24.png,0.9199797,1
ID_5eaf6ec0b.png,0.04579544,0
ID_f2652caf7.png,0.02366805,0
ID_f0d99740e.png,0.6613834,1
ID_a5c790dcf.png,0.023589969,0
ID_26ebc8a7f.png,0.92433834,1
ID_bc0333d51.png,0.023809075,0
ID_e0e076e6e.png,0.026381433,0
ID_d1a9ccc31.png,0.051015854,0
ID_99c0f8b62.png,0.8624471,1
ID_eaf74f3f7.png,0.35896415,0
ID_0a9b7968a.png,0.029230535,0
ID_cc3470b5c.png,0.3086713,0
ID_84ab11d6d.png,0.024894655,0
ID_de91f07ca.png,0.026407659,0
ID_3c67f9bb3.png,0.02353996,0
ID_63d21f927.png,0.02850777,0
ID_f847de618.png,0.03667134,0
ID_396dad9fa.png,0.7153424,1
ID_b1eb15d06.png,0.084628105,0
ID_180d4ac3e.png,0.030278683,0
ID_d83bdc780.png,0.285603,0
ID_a639c308a.png,0.93661815,1
ID_2fcce374b.png,0.9451031,1
ID_123ae82c1.png,0.83174914,1
ID_fa48253f3.png,0.108271,0
ID_cb92c8825.png,0.037326813,0
ID_522de60a3.png,0.023553967,0
ID_2ecef76fd.png,0.023535192,0
ID_3adae91b7.png,0.06883299,0
ID_420f00571.png,0.62536836,1
ID_922430d53.png,0.02366376,0
ID_e254d8cc9.png,0.024496436,0
ID_8f1337226.png,0.023966372,0
ID_26bc2f4d1.png,0.023662925,0
ID_4310d935b.png,0.023657918,0
ID_e7036081c.png,0.026525497,0
ID_541412db3.png,0.034951687,0
ID_181d9fb2a.png,0.9317192,1
ID_a030e34fe.png,0.9417341,1
ID_297c3b30c.png,0.025401056,0
ID_71d106e5e.png,0.023553967,0
ID_35406b75b.png,0.216573,0
ID_a2bf6af4a.png,0.028241038,0
ID_285913054.png,0.051727414,0
ID_1477997db.png,0.023847222,0
ID_c08647bca.png,0.023598135,0
ID_ba11f87a3.png,0.02386707,0
ID_34d52777f.png,0.025967777,0
ID_b1fe3f349.png,0.26231337,0
ID_e2f3052e9.png,0.023771763,0
ID_9c69539f7.png,0.02737993,0
ID_908798d07.png,0.6248075,1
ID_23271939b.png,0.09733164,0
ID_76caced8d.png,0.9125355,1
ID_69f03a35f.png,0.08182114,0
ID_467f82bc2.png,0.78823423,1
ID_c1b240731.png,0.5418829,1
ID_57692d9cc.png,0.71212757,1
ID_29804aff4.png,0.92060554,1
ID_f4f13fb70.png,0.04319185,0
ID_fabefbfd6.png,0.94425124,1
ID_83777dc3c.png,0.92957056,1
ID_37e33fec7.png,0.024236321,0
ID_534cd31ab.png,0.89615995,1
ID_ea56a87da.png,0.9196467,1
ID_5e3abb1f6.png,0.025895178,0
ID_9c183b680.png,0.029558837,0
ID_2a1e219a5.png,0.9386852,1
ID_96f2e446c.png,0.023583412,0
ID_f33dd1b46.png,0.1395294,0
ID_54edc75b5.png,0.023410857,0
ID_7ad4150f5.png,0.023490429,0
ID_8ba09bfb9.png,0.033157945,0
ID_1d7abfffb.png,0.059160292,0
ID_ba9ca178e.png,0.024379432,0
ID_97a0adcf6.png,0.025162637,0
ID_ef28f0c48.png,0.023572147,0
ID_8330178ce.png,0.023935676,0
ID_287586052.png,0.024366498,0
ID_5bbfb7c2b.png,0.024679601,0
ID_7c89487be.png,0.052877724,0
ID_851ce0008.png,0.023644507,0
ID_69743e888.png,0.93720555,1
ID_06c3edf87.png,0.039931297,0
ID_cb9e11d78.png,0.9263229,1
ID_e00d89f65.png,0.023510516,0
ID_9b6cc5660.png,0.02928114,0
ID_441c8e536.png,0.9180805,1
ID_fd688ac04.png,0.02385348,0
ID_ac2d3771d.png,0.023821294,0
ID_a2317f55e.png,0.08416051,0
ID_54f1a9009.png,0.023936033,0
ID_ec622071b.png,0.9418444,1
ID_26934a2f9.png,0.024240792,0
ID_9c35c92b2.png,0.024467945,0
ID_6abe21295.png,0.023514032,0
ID_07ee731bc.png,0.024004757,0
ID_605f0719b.png,0.9360142,1
ID_7761edaa6.png,0.025215328,0
ID_8218aef6b.png,0.04323089,0
ID_3f0dbca42.png,0.02637434,0
ID_33318d3b8.png,0.02394706,0
ID_2d0956b54.png,0.77452505,1
ID_ced80e467.png,0.9438324,1
ID_c2565bd34.png,0.028013408,0
ID_c9c723b64.png,0.02600193,0
ID_186815212.png,0.92496836,1
ID_64f47ee56.png,0.03703308,0
ID_ef98edafc.png,0.92862356,1
ID_bb1fc9566.png,0.93121636,1
ID_acec1cd5e.png,0.03668034,0
ID_e67d78fe0.png,0.029444098,0
ID_438a1bc12.png,0.91749716,1
ID_f9e28e10e.png,0.36408675,0
ID_0fd217c85.png,0.024722457,0
ID_08d4ab891.png,0.17560714,0
ID_3520cac75.png,0.9422136,1
ID_bcc2e4c68.png,0.32141888,0
ID_9931b9e3f.png,0.023453712,0
ID_4949efc61.png,0.032719135,0
ID_c8700a224.png,0.7025056,1
ID_22c7b7996.png,0.9414508,1
ID_a5845efbb.png,0.025472283,0
ID_68420dad9.png,0.023581088,0
ID_ec1aca5c7.png,0.0792889,0
ID_db077a50c.png,0.02350539,0
ID_4c290f74d.png,0.32105273,0
ID_f5992fbad.png,0.41175485,0
ID_d6be929d2.png,0.036291182,0
ID_856c5f0d3.png,0.108704925,0
ID_45a75d85a.png,0.023697257,0
ID_29f27ad9a.png,0.92683643,1
ID_bf9328240.png,0.026673436,0
ID_29183a899.png,0.023449957,0
ID_18493c719.png,0.06819254,0
ID_25fd35b96.png,0.10666716,0
ID_fa6e64027.png,0.24203467,0
ID_8cad1fca9.png,0.024259627,0
ID_3d4675f57.png,0.02356577,0
ID_8068fd528.png,0.045357704,0
ID_1a34524c8.png,0.7186825,1
ID_f4c8196cd.png,0.023872793,0
ID_8f3eca656.png,0.031050205,0
ID_f881b8365.png,0.9440697,1
ID_2b6985849.png,0.71262383,1
ID_2789414f2.png,0.02355349,0
ID_10771b89b.png,0.94468033,1
ID_d4d801328.png,0.031648397,0
ID_529517da1.png,0.02391684,0
ID_9705c07d8.png,0.45055473,1
ID_183169fc1.png,0.025471032,0
ID_49b835b8e.png,0.036056876,0
ID_c377bb76a.png,0.09955865,0
ID_3086acbe3.png,0.9306733,1
ID_0a0adf93f.png,0.025257468,0
ID_a2e1a2725.png,0.7252668,1
ID_bcc5210ae.png,0.06739861,0
ID_2d182c4cc.png,0.023501635,0
ID_f605f1743.png,0.02604884,0
ID_fc9937a91.png,0.074091196,0
ID_98e0955ba.png,0.024234414,0
ID_010566ba9.png,0.024904072,0
ID_2ce035d12.png,0.038143218,0
ID_ec672914b.png,0.024225652,0
ID_651984636.png,0.6509888,1
ID_95698a721.png,0.81351966,1
ID_77899cca2.png,0.024906576,0
ID_d44b12219.png,0.94471675,1
ID_d4ecffe6d.png,0.024301708,0
ID_2395a1912.png,0.90773165,1
ID_11eebafda.png,0.02361226,0
ID_dd3ce7a6d.png,0.026555896,0
ID_7ee962256.png,0.025093973,0
ID_58403ecf5.png,0.023474276,0
ID_c51ca222b.png,0.023729205,0
ID_4701704ff.png,0.02653861,0
ID_d8c01319e.png,0.69507575,1
ID_29a33a22f.png,0.026210189,0
ID_951fbae79.png,0.15695077,0
ID_7b822cd3a.png,0.023998022,0
ID_917907d4d.png,0.6208111,1
ID_74441d7a9.png,0.94226533,1
ID_da5fe1451.png,0.8326198,1
ID_fc4260078.png,0.043549955,0
ID_b54ba02bb.png,0.28543448,0
ID_f565e67da.png,0.025362432,0
ID_3ecf46d05.png,0.11177802,0
ID_cac8356f1.png,0.8603201,1
ID_9e78f140c.png,0.6022068,1
ID_17b368d63.png,0.025539875,0
ID_80d5a8a25.png,0.02353257,0
ID_18891ca60.png,0.023786545,0
ID_2b785245f.png,0.07760346,0
ID_b917ee131.png,0.23426896,0
ID_6124ce73f.png,0.023551762,0
ID_e91882771.png,0.026534319,0
ID_9eba8c50d.png,0.8069078,1
ID_fecdb63ff.png,0.029162467,0
ID_9f2de0d46.png,0.024944723,0
ID_3ce4ebe19.png,0.050635338,0
ID_004d6fbb6.png,0.023756444,0
ID_409655d04.png,0.94512856,1
ID_b54b23fb0.png,0.91573846,1
ID_3b572c4a9.png,0.032401502,0
ID_31e425665.png,0.9429008,1
ID_5a3b26fe0.png,0.030698657,0
ID_5d0da0fba.png,0.54389155,1
ID_0e0ebf53a.png,0.02351749,0
ID_e952cfdf4.png,0.9357652,1
ID_1b4a90e33.png,0.023591578,0
ID_11113a879.png,0.92983705,1
ID_27e5ba10f.png,0.023713052,0
ID_a778446a3.png,0.8042728,1
ID_db3569c6d.png,0.024197996,0
ID_eb9afc2ed.png,0.9445119,1
ID_ea574bf28.png,0.91097134,1
ID_54f9ce58a.png,0.4340012,0
ID_086643216.png,0.023733497,0
ID_e16a4b4c3.png,0.023538053,0
ID_072ddc16f.png,0.9291424,1
ID_9f432dcc9.png,0.86842346,1
ID_5dc70172e.png,0.024319649,0
ID_f49ebac6f.png,0.8569285,1
ID_ed3c71fcc.png,0.9038758,1
ID_2b6cde2fa.png,0.04642409,0
ID_93a1ddcc8.png,0.70444655,1
ID_e0656ef51.png,0.06172651,0
ID_a3f37ebb0.png,0.02488941,0
ID_c1b503d54.png,0.024260879,0
ID_64254a84b.png,0.029574096,0
ID_88371969e.png,0.9050341,1
ID_9d1eec71a.png,0.033366144,0
ID_f4bd638f6.png,0.026348114,0
ID_b722866bc.png,0.023475647,0
ID_21cc0aacc.png,0.025072813,0
ID_fde13147b.png,0.84420156,1
ID_d7eb836d6.png,0.023625553,0
ID_3cfa5c2c3.png,0.023561537,0
ID_32c9cbfea.png,0.9267169,1
ID_7387a65a0.png,0.039925575,0
ID_06e0a586b.png,0.04352534,0
ID_b36ffddcb.png,0.20690429,0
ID_c9070d0e4.png,0.023676932,0
ID_f513a7b81.png,0.64977014,1
ID_95fa72b98.png,0.026127338,0
ID_7a521394a.png,0.888836,1
ID_598f0a23a.png,0.026115775,0
ID_409acfd38.png,0.02930832,0
ID_d0e88c4b1.png,0.82513106,1
ID_3204b9e9e.png,0.031223238,0
ID_657f32851.png,0.024044037,0
ID_1397884ac.png,0.02416867,0
ID_cdf1df19a.png,0.024164498,0
ID_f1b5e5378.png,0.15189779,0
ID_8f1f28897.png,0.023922205,0
ID_0396387a5.png,0.024002254,0
ID_5dd465daf.png,0.07014799,0
ID_92342f58e.png,0.023595572,0
ID_6a5d4ba9f.png,0.51942384,1
ID_7379ac13e.png,0.34036547,0
ID_d91ea8c91.png,0.17788309,0
ID_0247eb561.png,0.023828685,0
ID_df3244105.png,0.09784973,0
ID_896e2607a.png,0.023699641,0
ID_1ff1633be.png,0.91982436,1
ID_d622e1732.png,0.7314375,1
ID_3c84549c7.png,0.036868572,0
ID_0da60ddc7.png,0.02517873,0
ID_bdc5d07cc.png,0.024288774,0
ID_829b89968.png,0.023999631,0
ID_299845485.png,0.05790043,0
ID_dda5496fb.png,0.042337656,0
ID_a3b6a0b8d.png,0.76693416,1
ID_48a19d397.png,0.26785016,0
ID_415273499.png,0.023705184,0
ID_c6c8db44f.png,0.031231046,0
ID_fcd69071e.png,0.024897933,0
ID_ea551c69c.png,0.049555182,0
ID_86f4650ea.png,0.11789888,0
ID_a62aa50d4.png,0.029402971,0
ID_1bafb5491.png,0.023746789,0
ID_267e8eb33.png,0.025375366,0
ID_8ba814eea.png,0.026892304,0
ID_35a3c7bbd.png,0.023599982,0
ID_8e630c26a.png,0.027077377,0
ID_d31c919a1.png,0.024786592,0
ID_72b92e3ed.png,0.02355951,0
ID_2eb69dcf3.png,0.9394767,1
ID_fb25cb68c.png,0.94377196,1
ID_0ba83217f.png,0.052479625,0
ID_c5386398b.png,0.02461338,0
ID_9461367b2.png,0.059639394,0
ID_a12e2fa10.png,0.9370387,1
ID_c64bc31c9.png,0.024285138,0
ID_595bfcd5b.png,0.02366376,0
ID_b5a797789.png,0.032077134,0
ID_1ee6482bd.png,0.03517306,0
ID_5616b1840.png,0.026861131,0
ID_3f87f8be9.png,0.023465753,0
ID_6687bd6dc.png,0.029650867,0
ID_d531aafce.png,0.023537457,0
ID_ac4362f2c.png,0.93131745,1
ID_c30e7e79c.png,0.6188422,1
ID_ddaf341c8.png,0.025135458,0
ID_0bfd328b9.png,0.02442813,0
ID_c5475f1e9.png,0.023478031,0
ID_6e9030b35.png,0.89011246,1
ID_5bc143162.png,0.9308708,1
ID_6f1be7f08.png,0.03545946,0
ID_23b304120.png,0.023651361,0
ID_eec273b47.png,0.026472032,0
ID_1d47d8214.png,0.02375722,0
ID_5c1ec76a0.png,0.69554645,1
ID_921b419a9.png,0.023980439,0
ID_4847f535a.png,0.02339536,0
ID_9bd6e4750.png,0.9420374,1
ID_3fee0a7bc.png,0.026840568,0
ID_81fbd0165.png,0.10290694,0
ID_a54fe20f8.png,0.024926484,0
ID_aed40316a.png,0.042523384,0
ID_e4c171acc.png,0.0368253,0
ID_7e9956ae5.png,0.04793006,0
ID_701f1ad6d.png,0.025145173,0
ID_634654493.png,0.04437816,0
ID_53d28c963.png,0.9404811,1
ID_43799b5be.png,0.9446741,1
ID_d9d8e3224.png,0.23408854,0
ID_56d1a1376.png,0.94096154,1
ID_6fb903804.png,0.024341524,0
ID_300962430.png,0.03408104,0
ID_847fa0fb9.png,0.024389088,0
ID_e0d7193ab.png,0.027856052,0
ID_3a12c3399.png,0.024184108,0
ID_4fcca8f01.png,0.023839355,0
ID_b9a231c3a.png,0.25884098,0
ID_1441d195e.png,0.023781538,0
ID_fa6577b7a.png,0.023396254,0
ID_eb4d5d756.png,0.027568996,0
ID_6413d7e3d.png,0.034076273,0
ID_b86e6019c.png,0.94235873,1
ID_5c004b92b.png,0.02567488,0
ID_b1fcc06fb.png,0.10810089,0
ID_cf2b24335.png,0.063738406,0
ID_1196d315d.png,0.6887425,1
ID_e0d349692.png,0.616336,1
ID_088de6296.png,0.89144707,1
ID_4ef0eef31.png,0.025559783,0
ID_318d74178.png,0.25753355,0
ID_de0ef3c02.png,0.024860322,0
ID_453bbb2e0.png,0.94471097,1
ID_8cb58f287.png,0.02412033,0
ID_3d4d915a5.png,0.024222255,0
ID_c39d51844.png,0.026939452,0
ID_e0905c848.png,0.023981571,0
ID_49978f1d6.png,0.9194455,1
ID_7812d8ea6.png,0.029289186,0
ID_3e0a75216.png,0.038781047,0
ID_12041ac5d.png,0.024107933,0
ID_e1dd2c5a4.png,0.026370347,0
ID_c185347d4.png,0.024386704,0
ID_ccd773a4e.png,0.288078,0
ID_85c173204.png,0.023560405,0
ID_4ca12ccf8.png,0.10981357,0
ID_7ae28b77b.png,0.03692329,0
ID_e7ee246d1.png,0.029616535,0
ID_4ec1a63f3.png,0.02451253,0
ID_6b65ca548.png,0.025007904,0
ID_ffb1eed56.png,0.026781619,0
ID_4c029e2a0.png,0.024306953,0
ID_797993fee.png,0.06481725,0
ID_ea20132ad.png,0.053228438,0
ID_2297fac27.png,0.2224158,0
ID_75141ee85.png,0.023811638,0
ID_5118488d0.png,0.037253797,0
ID_9bf4b3041.png,0.024420857,0
ID_02700a9f9.png,0.02450347,0
ID_10a8234b9.png,0.027535379,0
ID_02069e41b.png,0.024169683,0
ID_ced8574c1.png,0.02346778,0
ID_6cb296717.png,0.099130094,0
ID_7685a182a.png,0.9329293,1
ID_6ae46a46b.png,0.11460096,0
ID_ce551ac99.png,0.034350455,0
ID_bd87a735d.png,0.9423244,1
ID_7c11eb18b.png,0.9033649,1
ID_cd951be78.png,0.89964175,1
ID_d1ad83608.png,0.026791036,0
ID_66ff09b0b.png,0.123990595,0
ID_fff6f183d.png,0.02393186,0
ID_3e30da528.png,0.21782792,0
ID_dafb06334.png,0.47737712,1
ID_290cb317f.png,0.02475655,0
ID_e83b14b5c.png,0.026764154,0
ID_b4ab4d6dc.png,0.0651446,0
ID_dfda795f0.png,0.93403435,1
ID_85261b987.png,0.06853539,0
ID_a99e20710.png,0.023795187,0
ID_7a7097c83.png,0.9420596,1
ID_8a6ef4b45.png,0.023589551,0
ID_659507e49.png,0.023589969,0
ID_a11666ace.png,0.024248242,0
ID_7bc884ffa.png,0.93892145,1
ID_cd1ac87a1.png,0.061226368,0
ID_48ccdf320.png,0.027121127,0
ID_a6e88a9b0.png,0.026781619,0
ID_2167a1256.png,0.028425515,0
ID_5c989e1ad.png,0.7924712,1
ID_6da270d5a.png,0.023514628,0
ID_21c6ce5bd.png,0.85745627,1
ID_b6790e7e4.png,0.060456395,0
ID_a83a7daab.png,0.023406386,0
ID_ca2c802e6.png,0.025111675,0
ID_d09dda7fb.png,0.035149634,0
ID_a171b3665.png,0.023752332,0
ID_29adf1be9.png,0.042237043,0
ID_c6030754b.png,0.36036193,0
ID_4680f45ce.png,0.02504325,0
ID_368705028.png,0.025046885,0
ID_f75b0a065.png,0.025417805,0
ID_07cb07486.png,0.02374965,0
ID_10d6a4329.png,0.0234223,0
ID_616d1b84f.png,0.02430135,0
ID_37b698aed.png,0.024704218,0
ID_3ce53aef6.png,0.029410064,0
ID_7c0e5c153.png,0.02635485,0
ID_85dfce0db.png,0.024095714,0
ID_357c5fddc.png,0.02404654,0
ID_ed66f0e22.png,0.10761589,0
ID_3742a1c91.png,0.023696661,0
ID_733f72db6.png,0.036660314,0
ID_2698310ee.png,0.44847065,0
ID_62d18c79f.png,0.023754299,0
ID_9d078c254.png,0.034543395,0
ID_844fe23ac.png,0.0368219,0
ID_a47bad62d.png,0.035666168,0
ID_cc1e6a4dc.png,0.027089238,0
ID_d7a05e643.png,0.024648845,0
ID_408dd3c13.png,0.055763125,0
ID_a72b4890f.png,0.02341628,0
ID_b6b8052b3.png,0.024209678,0
ID_32bab4c0e.png,0.023405612,0
ID_3408bc362.png,0.7880019,1
ID_f9dc47504.png,0.02362895,0
ID_7677a434f.png,0.11008483,0
ID_d0bc3f440.png,0.026038945,0
ID_98020c43e.png,0.51597834,1
ID_f941f7671.png,0.054145157,0
ID_73a1e1767.png,0.027379096,0
ID_fb52a7f20.png,0.026619911,0
ID_2dabddf44.png,0.9274891,1
ID_f7b194d96.png,0.08762175,0
ID_67c27aae3.png,0.032759964,0
ID_1f76e60c6.png,0.04641795,0
ID_39be2b75b.png,0.9317039,1
ID_8f11d794c.png,0.73754746,1
ID_b8a13a5b2.png,0.023413122,0
ID_a5fd93eaa.png,0.035378277,0
ID_609bd3d55.png,0.039240777,0
ID_890db584b.png,0.9365593,1
ID_ac43e5bb6.png,0.023981452,0
ID_2e431a11e.png,0.87181836,1
ID_d4868eb7c.png,0.93584704,1
ID_6e1469de4.png,0.08208436,0
ID_c4ae06ed9.png,0.026408076,0
ID_922854217.png,0.023880959,0
ID_5102d8d7f.png,0.8734078,1
ID_af375ad48.png,0.8970836,1
ID_12170ab8e.png,0.023707688,0
ID_a1a026609.png,0.1706261,0
ID_0acfa68b1.png,0.9131695,1
ID_71e141589.png,0.15174663,0
ID_b1972721f.png,0.043218553,0
ID_17b85fff8.png,0.46379232,1
ID_1af98afd6.png,0.11580241,0
ID_8f65c7d3c.png,0.025155604,0
ID_e8933b457.png,0.9374245,1
ID_903482bae.png,0.023775518,0
ID_978a42ed8.png,0.8528581,1
ID_977ab8ebb.png,0.023613632,0
ID_caa357a32.png,0.023832023,0
ID_346deeb3a.png,0.050049722,0
ID_5052f1380.png,0.9396896,1
ID_04a007bfe.png,0.03998822,0
ID_3e864e059.png,0.023593843,0
ID_aeff4a33b.png,0.034578443,0
ID_26a3feaaa.png,0.031552732,0
ID_cfa713b49.png,0.88926566,1
ID_65e784d55.png,0.023984194,0
ID_6b7e878a3.png,0.034993887,0
ID_d08319cbb.png,0.023524165,0
ID_c2d559d77.png,0.023793042,0
ID_769a91d0a.png,0.023903012,0
ID_07ad91cce.png,0.05462557,0
ID_3a0bd2d08.png,0.023819625,0
ID_94160e585.png,0.90985894,1
ID_409e9de35.png,0.033218086,0
ID_9b3280466.png,0.024619937,0
ID_4371faf18.png,0.045388997,0
ID_58c7010f7.png,0.023869157,0
ID_452bb04a5.png,0.9413381,1
ID_b5f702e69.png,0.025074184,0
ID_d2fb11706.png,0.24505055,0
ID_6f4413f2a.png,0.0236786,0
ID_c54c3e5de.png,0.026284695,0
ID_708984b8c.png,0.023627698,0
ID_2e6cc6327.png,0.02525431,0
ID_b4a2511f8.png,0.06660378,0
ID_679dbae51.png,0.04411912,0
ID_b7d9468f9.png,0.44454598,0
ID_715086b42.png,0.026677847,0
ID_26868d817.png,0.026811779,0
ID_37bf6f90f.png,0.114456415,0
ID_5f5edb77c.png,0.023536563,0
ID_e86448f30.png,0.040985405,0
ID_04b9f5796.png,0.71133345,1
ID_854e4c91f.png,0.36713892,0
ID_140ff5327.png,0.94003534,1
ID_6196e28d7.png,0.028389633,0
ID_6cca2c28c.png,0.94500387,1
ID_9d41bcd8f.png,0.030793667,0
ID_145d3c4cf.png,0.023474157,0
ID_fdf91a314.png,0.7244214,1
ID_852c03bda.png,0.023435295,0
ID_452a9f159.png,0.12431252,0
ID_d09cd0eae.png,0.03202027,0
ID_5d80cb34e.png,0.028963923,0
ID_79ab4fd19.png,0.023620665,0
ID_749f36aec.png,0.89829475,1
ID_9898c31b2.png,0.02379769,0
ID_50b45d951.png,0.8719368,1
ID_64ecb1295.png,0.031718254,0
ID_446a4caaa.png,0.37414932,0
ID_e14c00cf1.png,0.023866773,0
ID_eabdb71d6.png,0.046661556,0
ID_997cb0243.png,0.40420663,0
ID_6f0a03211.png,0.023405492,0
ID_7989ba9e8.png,0.04378873,0
ID_7f709adac.png,0.9443785,1
ID_dcb9552e4.png,0.061894715,0
ID_8d66c7870.png,0.039452195,0
ID_638bae6d1.png,0.023694098,0
ID_1678878b5.png,0.037183523,0
ID_1cefd9632.png,0.024342656,0
ID_58e942158.png,0.9320351,1
ID_387754b32.png,0.035890937,0
ID_8b62a483c.png,0.94445163,1
ID_bbbd6ae55.png,0.025497854,0
ID_e1ec0921f.png,0.024057567,0
ID_a47629031.png,0.1436624,0
ID_068c475e6.png,0.8035777,1
ID_052daf675.png,0.9370467,1
ID_e2ad47062.png,0.02399975,0
ID_93ace8dc6.png,0.062321663,0
ID_13e98baf8.png,0.02357918,0
ID_9c263c738.png,0.026848137,0
ID_031afe49c.png,0.024139166,0
ID_00f04769e.png,0.03589189,0
ID_d5b74e985.png,0.024338126,0
ID_2256e1934.png,0.023426175,0
ID_23e9f32c1.png,0.054757774,0
ID_d3d006ec8.png,0.047936916,0
ID_6f00d6ce6.png,0.023954868,0
ID_2c5df03fa.png,0.0258798,0
ID_e94d47a4c.png,0.023742259,0
ID_4cd1a2b2f.png,0.026842713,0
ID_d8d9cac54.png,0.023792028,0
ID_e45ced9c8.png,0.023742795,0
ID_65bbff157.png,0.9331982,1
ID_f0d0d07eb.png,0.8057185,1
ID_b1abdc6d8.png,0.023591578,0
ID_bb82f46b2.png,0.024966419,0
ID_7bcf6cae3.png,0.024050951,0
ID_9d0810beb.png,0.02450943,0
ID_bba715807.png,0.023579955,0
ID_d7fb8ac19.png,0.044208527,0
ID_bb2aaefb6.png,0.025212705,0
ID_085eaa2ef.png,0.9407886,1
ID_ced9dc0fa.png,0.036432326,0
ID_5f28fc11e.png,0.02448994,0
ID_b8de09574.png,0.025239885,0
ID_1afc23a77.png,0.023389816,0
ID_691215d45.png,0.5321512,1
ID_2251f0828.png,0.8709308,1
ID_af4fb97e7.png,0.14784116,0
ID_1bc3a231f.png,0.02687931,0
ID_7d157cc8b.png,0.06742442,0
ID_fe01eb607.png,0.03564143,0
ID_462c2c75d.png,0.07556021,0
ID_09f2ae0db.png,0.6223521,1
ID_e0e3b3cda.png,0.024366379,0
ID_d7f8bd213.png,0.3722629,0
ID_d926151e2.png,0.049369574,0
ID_1f6f74795.png,0.024820507,0
ID_91f2329d9.png,0.048068047,0
ID_903789066.png,0.02393967,0
ID_e12c7a2aa.png,0.035532653,0
ID_f5fbaec20.png,0.023510277,0
ID_280688489.png,0.6101508,1
ID_5632a3cbf.png,0.81600624,1
ID_7b806216e.png,0.024656355,0
ID_870f08b97.png,0.024104416,0
ID_1c2872270.png,0.038088858,0
ID_f864b9665.png,0.023512602,0
ID_a8e783896.png,0.9424532,1
ID_a7d338cba.png,0.025601208,0
ID_47fb3d330.png,0.026034057,0
ID_b80d44926.png,0.026675165,0
ID_62fc1254f.png,0.9381992,1
ID_bd977da32.png,0.041597903,0
ID_dffca7dc0.png,0.024969101,0
ID_32c4cae2e.png,0.6443355,1
ID_1668b4cbe.png,0.19510072,0
ID_3a8356be7.png,0.5219426,1
ID_b9351252c.png,0.0262717,0
ID_df5017c89.png,0.065552115,0
ID_8ae06e625.png,0.024428666,0
ID_4759ef465.png,0.034011304,0
ID_895aad3da.png,0.023899019,0
ID_dbefe3bcd.png,0.46599358,1
ID_1b699172f.png,0.024333954,0
ID_08ba75aea.png,0.02756685,0
ID_0359f0e2c.png,0.94410425,1
ID_db42cec07.png,0.9450735,1
ID_6f3274fdf.png,0.121702135,0
ID_4c10a688c.png,0.94152766,1
ID_d7c06549a.png,0.047188878,0
ID_90fa90137.png,0.9348303,1
ID_3004a305d.png,0.024144292,0
ID_485ffc382.png,0.2798599,0
ID_cadc379ab.png,0.91383135,1
ID_c676e2c48.png,0.034379065,0
ID_f41e62a0c.png,0.039229095,0
ID_874c5b214.png,0.023437798,0
ID_6f8300487.png,0.023592949,0
ID_11befe692.png,0.9323371,1
ID_6208721a2.png,0.023515403,0
ID_f8c988c8c.png,0.026304722,0
ID_682d5a83c.png,0.03188646,0
ID_5fb9f0844.png,0.02470839,0
ID_673d40b37.png,0.94400495,1
ID_fd63340f8.png,0.030845165,0
ID_0c4816508.png,0.024112701,0
ID_14fe904dc.png,0.02477926,0
ID_e7553aeab.png,0.027504265,0
ID_80875f8c8.png,0.13160151,0
ID_e8df3c157.png,0.023481071,0
ID_59eb0b671.png,0.927122,1
ID_ba783a352.png,0.93154126,1
ID_a2df822f4.png,0.9445415,1
ID_73c53cd54.png,0.0253101,0
ID_b809287b0.png,0.30559754,0
ID_27629f018.png,0.02393794,0
ID_b7fc847cc.png,0.024128258,0
ID_2edb7f193.png,0.023469627,0
ID_780623b20.png,0.03413236,0
ID_e7871ed28.png,0.026032329,0
ID_f7e7d0ba4.png,0.023849249,0
ID_48bfe8fb0.png,0.2688713,0
ID_e9c460260.png,0.025108933,0
ID_b4f10423a.png,0.1592449,0
ID_bde88453f.png,0.02459544,0
ID_2d8c4d021.png,0.33790863,0
ID_80a0d2c2b.png,0.4637369,1
ID_b55da3b12.png,0.02387935,0
ID_b5aeae547.png,0.07855809,0
ID_b00d62605.png,0.94130474,1
ID_106b3fd4f.png,0.35059988,0
ID_65801532f.png,0.023836672,0
ID_2fcd95da8.png,0.91494143,1
ID_a999f0e4e.png,0.028787255,0
ID_9e3a22db3.png,0.024281502,0
ID_76747ee35.png,0.9406451,1
ID_6cb7a16ef.png,0.90615916,1
ID_c135c0dd5.png,0.025013745,0
ID_eb352b52f.png,0.06307346,0
ID_7584ef9c7.png,0.023852766,0
ID_7da43b84c.png,0.9397217,1
ID_19cceaa1a.png,0.025739133,0
ID_b282f124f.png,0.02350223,0
ID_1c982f819.png,0.024291694,0
ID_b4fd9ce9f.png,0.024333239,0
ID_5da315265.png,0.030121624,0
ID_9d84ab5e8.png,0.024038792,0
ID_a35bdb888.png,0.8004106,1
ID_f6a29b4d8.png,0.9433578,1
ID_5d7cff8a5.png,0.040542066,0
ID_1b7e56f8f.png,0.065031886,0
ID_39676a994.png,0.90952754,1
ID_851ce8cea.png,0.9410021,1
ID_8c896c644.png,0.60192627,1
ID_b40d2547b.png,0.94406056,1
ID_c851ce96c.png,0.14612925,0
ID_fda4b28bd.png,0.024085581,0
ID_95510ba73.png,0.027816594,0
ID_4f4892229.png,0.37802488,0
ID_ed54acf03.png,0.028348207,0
ID_49ad91651.png,0.035086215,0
ID_a6ce16261.png,0.048294008,0
ID_0f5f33d71.png,0.12110418,0
ID_0beb4899d.png,0.023456514,0
ID_cd3415e05.png,0.93044925,1
ID_2d93d1e24.png,0.023696005,0
ID_18f4ee836.png,0.023450375,0
ID_3c8f6c914.png,0.024880052,0
ID_1c1354525.png,0.8586664,1
ID_09bd4a6ee.png,0.02358681,0
ID_b0a946e3d.png,0.93180627,1
ID_154ea7826.png,0.02375257,0
ID_4a6eddec4.png,0.91809624,1
ID_35655cef3.png,0.024974465,0
ID_630627008.png,0.02423203,0
ID_ed0ebe7f7.png,0.02399385,0
ID_152172113.png,0.90828234,1
ID_c4bf5f268.png,0.2206521,0
ID_a24986fb3.png,0.02940464,0
ID_f9e10feab.png,0.042780757,0
ID_3b83260ac.png,0.0239833,0
ID_1afb2dbed.png,0.02483946,0
ID_2744d2ae4.png,0.024340749,0
ID_fbbec1417.png,0.058703005,0
ID_59fea55e2.png,0.028199613,0
ID_77138dd11.png,0.04607767,0
ID_5945b7a27.png,0.9441851,1
ID_8ec67a6fe.png,0.024992585,0
ID_98a9c4ad2.png,0.723196,1
ID_83caac9b1.png,0.9350785,1
ID_af52b5d56.png,0.11012828,0
ID_048fa82d3.png,0.030772567,0
ID_d1a8ea819.png,0.39151073,0
ID_466f4be94.png,0.123981,0
ID_53a71e4f7.png,0.030273974,0
ID_1b7cfb077.png,0.031012952,0
ID_2e19cd93f.png,0.023507357,0
ID_6d73626ed.png,0.026985407,0
ID_050e96f90.png,0.9401716,1
ID_624cfae81.png,0.024254858,0
ID_cada2cff6.png,0.023871422,0
ID_5811d6222.png,0.07352519,0
ID_bb5dc5902.png,0.7376013,1
ID_a61c9ccc0.png,0.023472667,0
ID_732889ef7.png,0.023657382,0
ID_55fafe581.png,0.43473744,0
ID_c8e52e85d.png,0.024352074,0
ID_10d251799.png,0.02545166,0
ID_55a597d11.png,0.94167286,1
ID_3dce9acff.png,0.8827876,1
ID_9a189a070.png,0.034572065,0
ID_3788378f1.png,0.023771763,0
ID_232af247c.png,0.023491561,0
ID_b6e802544.png,0.9070034,1
ID_f4a0ef0bb.png,0.9187885,1
ID_c7bdb6f56.png,0.13539821,0
ID_8b73b6286.png,0.024080575,0
ID_fa1b164fe.png,0.24161732,0
ID_ec3a5e490.png,0.05025375,0
ID_e90652b57.png,0.028740823,0
ID_114316892.png,0.94402206,1
ID_5b30ecfbe.png,0.030062616,0
ID_b5a0534e2.png,0.9429525,1
ID_21b028040.png,0.026666582,0
ID_1f540337f.png,0.5902696,1
ID_393a3cc00.png,0.93787426,1
ID_23493b506.png,0.050689697,0
ID_ec4e9578f.png,0.023470163,0
ID_691f017ef.png,0.065004885,0
ID_3dbad6b72.png,0.0258556,0
ID_59ea2e8d1.png,0.023617268,0
ID_c68e114ba.png,0.023688018,0
ID_f068c5e5d.png,0.023543239,0
ID_403d368ec.png,0.02412963,0
ID_871266ee2.png,0.027323186,0
ID_1204c37ff.png,0.02572906,0
ID_73c4ea1ae.png,0.025410593,0
ID_15849f0c0.png,0.023637593,0
ID_b3e888289.png,0.031850934,0
ID_c34375d26.png,0.82117474,1
ID_fe8ecaef7.png,0.02348119,0
ID_eed266e78.png,0.037275672,0
ID_7ed678e78.png,0.023522437,0
ID_d6305bea3.png,0.93870956,1
ID_bc099e59c.png,0.027355313,0
ID_1c37ada9b.png,0.8310479,1
ID_a09500483.png,0.023538291,0
ID_1796aa2fd.png,0.84067,1
ID_b6b6cb61b.png,0.93302155,1
ID_5ab356be9.png,0.9374731,1
ID_1d26ecc58.png,0.47740692,1
ID_2d51924ac.png,0.023427546,0
ID_e87b57f2e.png,0.040299714,0
ID_64906ff06.png,0.024977982,0
ID_a861ab593.png,0.89949477,1
ID_623664958.png,0.025416017,0
ID_16c2bbdaf.png,0.02403009,0
ID_6cbec9989.png,0.023819268,0
ID_5c1e2c5cb.png,0.031838775,0
ID_91118a0e2.png,0.025275111,0
ID_0159b1d59.png,0.93660605,1
ID_6c69c29bb.png,0.79351985,1
ID_3ec086562.png,0.030082941,0
ID_d37221d5b.png,0.023992836,0
ID_3d0b6432f.png,0.94205624,1
ID_a268b0259.png,0.93076754,1
ID_68ba3bb9e.png,0.9446064,1
ID_28d6abeeb.png,0.024050593,0
ID_f32c48057.png,0.034650087,0
ID_fd6286eb2.png,0.027634382,0
ID_382d0c9a8.png,0.14883369,0
ID_ad14240a7.png,0.023495615,0
ID_0f9f39182.png,0.38599467,0
ID_e5fa976c0.png,0.377185,0
ID_d57696683.png,0.041356742,0
ID_e70c911f5.png,0.023554623,0
ID_6ada9530f.png,0.024362445,0
ID_747ad8c1f.png,0.8920386,1
ID_db1288fe9.png,0.02385348,0
ID_6c221acb4.png,0.023457348,0
ID_e42b91d9a.png,0.039757967,0
ID_70dea0629.png,0.03460586,0
ID_2d4cc6637.png,0.02493,0
ID_bacc01a5d.png,0.18931901,0
ID_3301578bc.png,0.052834928,0
ID_8b2c18ac1.png,0.023833573,0
ID_81d6e5170.png,0.027017891,0
ID_92c6dd254.png,0.057444394,0
ID_cf152830c.png,0.02465713,0
ID_bcf81e357.png,0.025662422,0
ID_0d5bf2c18.png,0.9441499,1
ID_e5ee28e07.png,0.94473815,1
ID_062eebad2.png,0.94323665,1
ID_8a1356d25.png,0.053815663,0
ID_13b2e86cb.png,0.024496198,0
ID_71d2042e6.png,0.9210313,1
ID_b9236ddc1.png,0.025536895,0
ID_e35217770.png,0.13528061,0
ID_f8cfebce7.png,0.027165055,0
ID_e2ac7009a.png,0.026002526,0
ID_60042017f.png,0.024450362,0
ID_d8fd7f700.png,0.23105007,0
ID_456ff339f.png,0.023431301,0
ID_525e48aba.png,0.024561763,0
ID_66035cadf.png,0.06937128,0
ID_c7452bcb0.png,0.023860395,0
ID_7a33b7452.png,0.034038663,0
ID_a7b015893.png,0.02564454,0
ID_fdd86289f.png,0.024885833,0
ID_5a13abf30.png,0.025210321,0
ID_b38ee408e.png,0.0237059,0
ID_1ce654108.png,0.025507808,0
ID_d13e853d1.png,0.02509296,0
ID_c2e42bf05.png,0.82515115,1
ID_21ba4f179.png,0.9443922,1
ID_b996b1f82.png,0.025585115,0
ID_ed6821857.png,0.13530815,0
ID_4321058d1.png,0.023761809,0
ID_1367b6036.png,0.025570512,0
ID_7fd823827.png,0.028844655,0
ID_aee8d50b7.png,0.5695826,1
ID_042101d37.png,0.063984096,0
ID_e3fc25342.png,0.023491979,0
ID_5fc668ff5.png,0.026820898,0
ID_10dd84ce2.png,0.06714213,0
ID_854e17350.png,0.03312415,0
ID_625f65b82.png,0.023708701,0
ID_e1af81d4e.png,0.024044573,0
ID_2d34ad929.png,0.023708403,0
ID_9540eea7d.png,0.36558408,0
ID_44e8b2bbe.png,0.02652651,0
ID_3deeb06af.png,0.023716807,0
ID_afc67f923.png,0.50511646,1
ID_81e3bf1d2.png,0.2439372,0
ID_7851a97e3.png,0.024455905,0
ID_c12b1bf2c.png,0.024662256,0
ID_9dedf032c.png,0.034974158,0
ID_ce71db859.png,0.023584545,0
ID_2b3441eb6.png,0.02421987,0
ID_9b8cc020b.png,0.031268418,0
ID_87f3a9c14.png,0.026789308,0
ID_56a349c95.png,0.051235557,0
ID_8e06b2563.png,0.20721048,0
ID_557396253.png,0.038139105,0
ID_338eb0743.png,0.90525794,1
ID_64d3af04b.png,0.024164915,0
ID_a42cd1d89.png,0.9446126,1
ID_0930d8b45.png,0.080002785,0
ID_f805b8332.png,0.031228185,0
ID_1e316385c.png,0.025148273,0
ID_b97617d2c.png,0.14929509,0
ID_8f7af10b9.png,0.023498476,0
ID_b3e0a39b1.png,0.028099418,0
ID_ac9c75061.png,0.023488164,0
ID_a3cb90bd8.png,0.024323642,0
ID_c5d2ee5aa.png,0.023794055,0
ID_229e2f704.png,0.033338666,0
ID_7a6b701ae.png,0.03228593,0
ID_bcf2b826b.png,0.03338188,0
ID_5772a0aec.png,0.92137384,1
ID_5aedc583c.png,0.02355349,0
ID_beb77d896.png,0.023640096,0
ID_e14aa3e43.png,0.089414895,0
ID_0a50c0cc7.png,0.03128463,0
ID_eec7fcd0b.png,0.023783922,0
ID_4b28feec0.png,0.023676574,0
ID_508e4311d.png,0.9240747,1
ID_65ed7cd88.png,0.02437061,0
ID_65867ad7a.png,0.92250323,1
ID_054c6835a.png,0.93932563,1
ID_46bc482f7.png,0.023488224,0
ID_df7f69e64.png,0.02419591,0
ID_8137b5920.png,0.040170968,0
ID_25a2a7500.png,0.03188336,0
ID_c3be1e6a2.png,0.03301972,0
ID_873f256cc.png,0.9429596,1
ID_5e9521248.png,0.85674536,1
ID_df122e955.png,0.028590381,0
ID_a717ec1d9.png,0.023490548,0
ID_b886e0a8d.png,0.023685634,0
ID_ae381cb81.png,0.024475515,0
ID_ccc615b5f.png,0.3248238,0
ID_2f0be5d51.png,0.040489256,0
ID_8dd5faca9.png,0.04257375,0
ID_ee45b7793.png,0.03690648,0
ID_75ee6ec76.png,0.033442438,0
ID_e23b04ef4.png,0.8886725,1
ID_46507dfe8.png,0.02705264,0
ID_ea7d63a45.png,0.3026166,0
ID_693152876.png,0.023544312,0
ID_997936489.png,0.024078906,0
ID_742189c59.png,0.9372664,1
ID_451ce405b.png,0.027182102,0
ID_48eca29e9.png,0.94519424,1
ID_bc941cb92.png,0.025813937,0
ID_bce13b50d.png,0.043868005,0
ID_4cdbc3b17.png,0.85898936,1
ID_717aa47db.png,0.025581598,0
ID_c89f6f865.png,0.14749789,0
ID_fcc7c9b38.png,0.025633931,0
ID_6a5c8492a.png,0.11941534,0
ID_376655698.png,0.024237573,0
ID_75dc8c5eb.png,0.7681731,1
ID_92ca54774.png,0.053014815,0
ID_3a54ce0ea.png,0.045294464,0
ID_77ce79f61.png,0.8916502,1
ID_e8b4a17af.png,0.02405405,0
ID_4849f1c95.png,0.023768127,0
ID_787c29832.png,0.3073815,0
ID_08e1daba1.png,0.023929656,0
ID_251fa030c.png,0.025434256,0
ID_728643116.png,0.053566217,0
ID_faf941f1a.png,0.9407325,1
ID_2e46b1d0d.png,0.94249374,1
ID_039777051.png,0.93313295,1
ID_8582817df.png,0.02543968,0
ID_eca70c8f1.png,0.031983197,0
ID_834893f14.png,0.028967142,0
ID_23781f957.png,0.8890003,1
ID_643e7e94d.png,0.025598347,0
ID_77ed573b7.png,0.34397614,0
ID_828ad9494.png,0.02343446,0
ID_8528020ee.png,0.90875983,1
ID_bd4fa896c.png,0.05680579,0
ID_db6f143f2.png,0.024068117,0
ID_78c98e6b6.png,0.024606764,0
ID_bafba9f66.png,0.029491901,0
ID_0a920cc01.png,0.7898488,1
ID_293b74bdf.png,0.029045522,0
ID_ac0a01cc4.png,0.8775767,1
ID_b561fbca6.png,0.5269923,1
ID_bf424e85b.png,0.8002659,1
ID_0bc787781.png,0.023541689,0
ID_ee9a063ac.png,0.86016214,1
ID_273b1076d.png,0.023607254,0
ID_60f40a309.png,0.13941884,0
ID_50ad075ca.png,0.3229099,0
ID_658aaef18.png,0.024211466,0
ID_de8247eb8.png,0.023802936,0
ID_d7ce2c3e3.png,0.92642134,1
ID_48d7a4a9d.png,0.92377615,1
ID_ab07ae1d3.png,0.023820758,0
ID_7ca45cf76.png,0.024271727,0
ID_153e44f00.png,0.02724886,0
ID_60af18893.png,0.94405854,1
ID_c90bae61c.png,0.023534417,0
ID_6eb1941d0.png,0.023516774,0
ID_29c81ed64.png,0.8694103,1
ID_d439e3d58.png,0.02544105,0
ID_882796178.png,0.023666322,0
ID_3f216418a.png,0.029066741,0
ID_d99ae55aa.png,0.051601112,0
ID_784f5ab0a.png,0.023714662,0
ID_a99becbea.png,0.9402552,1
ID_52adfd3c6.png,0.15201062,0
ID_388886cff.png,0.024041414,0
ID_02d933970.png,0.8522841,1
ID_66fe6f308.png,0.029085755,0
ID_2752826b3.png,0.71015215,1
ID_2b96f0090.png,0.054100215,0
ID_af3745ba7.png,0.024152696,0
ID_510e7b502.png,0.024048924,0
ID_72196f549.png,0.7659993,1
ID_ec59e19e1.png,0.028774142,0
ID_3940a2716.png,0.062116742,0
ID_63cc353e4.png,0.029511094,0
ID_077d314a7.png,0.023651123,0
ID_125b5a6cb.png,0.03895521,0
ID_a38723017.png,0.024782777,0
ID_6a9c71512.png,0.57798755,1
ID_226e07d2c.png,0.9107419,1
ID_315754f95.png,0.023855388,0
ID_c29352fd2.png,0.7245436,1
ID_3094abf9e.png,0.04272908,0
ID_0f90911fc.png,0.023721457,0
ID_7501d209f.png,0.028264582,0
ID_76e569b76.png,0.45687443,1
ID_c9891004f.png,0.02514869,0
ID_5931186c1.png,0.023530185,0
ID_58b9c3c73.png,0.02350539,0
ID_ca6ba0102.png,0.023942292,0
ID_33fdb1d7c.png,0.023391604,0
ID_360a3e766.png,0.9345101,1
ID_866a08f25.png,0.023591936,0
ID_8835450a6.png,0.37461382,0
ID_bf8957bab.png,0.042292297,0
ID_e49028ef9.png,0.023813903,0
ID_7e87208de.png,0.9403848,1
ID_6c7a2366e.png,0.91420066,1
ID_20078c31b.png,0.10580355,0
ID_2b77a5ee2.png,0.02362305,0
ID_5c804a4ac.png,0.023667574,0
ID_13ee7a6b3.png,0.030964375,0
ID_e339ed2b9.png,0.02491802,0
ID_c18ad452d.png,0.030898452,0
ID_5bb796804.png,0.83597064,1
ID_a1f1f89c7.png,0.026175737,0
ID_48ee0a639.png,0.024334073,0
ID_76f827e3c.png,0.028536558,0
ID_2c87f564e.png,0.23743308,0
ID_b3846f6fd.png,0.9352937,1
ID_6d2293032.png,0.026456773,0
ID_23073301c.png,0.9443741,1
ID_5bca76c96.png,0.4503144,1
ID_1a92f5bf8.png,0.061068833,0
ID_d8f5e6a6d.png,0.026823997,0
ID_2cd74640b.png,0.032646418,0
ID_b585f718f.png,0.46199977,1
ID_6d3d85279.png,0.02352029,0
ID_647aebf99.png,0.48572212,1
ID_8970d4071.png,0.028637946,0
ID_1e2bc3063.png,0.029332578,0
ID_e5b0bfe3f.png,0.12230146,0
ID_b620447ad.png,0.023403108,0
ID_b60d18007.png,0.024061501,0
ID_1706d5596.png,0.02397269,0
ID_905526a31.png,0.44078887,0
ID_6aa1cd439.png,0.27920747,0
ID_f482fe1b6.png,0.94352496,1
ID_bb86d846e.png,0.1537301,0
ID_31003179d.png,0.037513256,0
ID_53937be9a.png,0.02351141,0
ID_bc8c50325.png,0.024166286,0
ID_886f68ad8.png,0.03334242,0
ID_ac41cecab.png,0.024833918,0
ID_422f28eef.png,0.02391547,0
ID_f2dbfa5c7.png,0.024318874,0
ID_fbd5200f2.png,0.023824394,0
ID_6fd94ab66.png,0.06437898,0
ID_51fd8beff.png,0.9442491,1
ID_b920655cb.png,0.024084806,0
ID_11ca5a490.png,0.6703987,1
ID_9b19ad96b.png,0.02352029,0
ID_94d3e4278.png,0.0285756,0
ID_598de4f8d.png,0.93133366,1
ID_70b914e14.png,0.02411604,0
ID_e8ff430a9.png,0.024746835,0
ID_94f77269c.png,0.023487091,0
ID_c8b896885.png,0.47452587,1
ID_bb74e9566.png,0.9413403,1
ID_83de931e9.png,0.03010583,0
ID_74eeb2952.png,0.8531048,1
ID_44d754e69.png,0.029154062,0
ID_28f3e3505.png,0.046319842,0
ID_2819a5967.png,0.049880803,0
ID_18f381898.png,0.09110767,0
ID_b4480fd55.png,0.3622418,0
ID_78db7b1f8.png,0.22355783,0
ID_9a2830e91.png,0.7446179,1
ID_cb52c3949.png,0.023434818,0
ID_5cb0e2329.png,0.023950934,0
ID_dd9db8c75.png,0.023798943,0
ID_f83ca5886.png,0.1310311,0
ID_a6baf4a05.png,0.039273202,0
ID_4a27ba50c.png,0.02431804,0
ID_5bcb64090.png,0.034457624,0
ID_c684308ba.png,0.030391932,0
ID_27b10663e.png,0.023895264,0
ID_3426d7fda.png,0.8961251,1
ID_ce38e9f92.png,0.024826765,0
ID_b3e27632d.png,0.023598075,0
ID_168985569.png,0.023956716,0
ID_04d839ffd.png,0.12596416,0
ID_0664a72bb.png,0.047172666,0
ID_f8220a993.png,0.94233894,1
ID_f012bdc6d.png,0.023722947,0
ID_835e810e4.png,0.9405848,1
ID_512053636.png,0.9422534,1
ID_34cce7789.png,0.023843706,0
ID_1c933089e.png,0.05391544,0
ID_ea824c071.png,0.023973525,0
ID_f9c9a57cc.png,0.023618937,0
ID_a25ea2ded.png,0.027530313,0
ID_bdf6d639b.png,0.03115809,0
ID_c3a6c6e22.png,0.9272705,1
ID_8b3036ab4.png,0.024340391,0
ID_1cf48e5be.png,0.02648288,0
ID_30535a359.png,0.7840578,1
ID_49aad643e.png,0.024879336,0
ID_ba7f28dac.png,0.028368235,0
ID_572c63bc6.png,0.023391068,0
ID_326578859.png,0.023568809,0
ID_a8d8d5883.png,0.8831747,1
ID_3f6f4811c.png,0.025063753,0
ID_8b3b7bd29.png,0.036871433,0
ID_4b25e54e5.png,0.047789037,0
ID_00b115bfe.png,0.22716784,0
ID_b31966684.png,0.024143815,0
ID_b36451b9d.png,0.023863912,0
ID_e6d36c35e.png,0.08765888,0
ID_2e0ecf452.png,0.08782327,0
ID_e42b7466b.png,0.023654401,0
ID_1cb3ced17.png,0.026297152,0
ID_0bf00babd.png,0.023600876,0
ID_01c754b4a.png,0.023728728,0
ID_0f773d4e3.png,0.02416414,0
ID_78c42c6a5.png,0.0830825,0
ID_9e335d3b1.png,0.023988962,0
ID_6fcf072fc.png,0.024210334,0
ID_18dc79423.png,0.023527801,0
ID_25d067bea.png,0.15392691,0
ID_38523cfd0.png,0.026649714,0
ID_961e6bfe9.png,0.02670759,0
ID_65c267d35.png,0.023996234,0
ID_b69da00f2.png,0.0235461,0
ID_ed378cf19.png,0.026685774,0
ID_1aa8e8b2a.png,0.06301451,0
ID_8557cd92a.png,0.025617957,0
ID_f0bbc61c9.png,0.028978825,0
ID_f190dbf85.png,0.023617566,0
ID_e255c07bd.png,0.90376085,1
ID_23b8f58c8.png,0.023430407,0
ID_68d77b018.png,0.03334552,0
ID_08810a8ef.png,0.19163907,0
ID_4e7879a7f.png,0.9366035,1
ID_e27eafe29.png,0.057740748,0
ID_109413840.png,0.023813903,0
ID_3162decfe.png,0.02390027,0
ID_b929352a7.png,0.067394614,0
ID_8b30da918.png,0.034021556,0
ID_d81746a01.png,0.94172823,1
ID_b37289960.png,0.08901286,0
ID_b101ea8f5.png,0.024090946,0
ID_8dbfc31c5.png,0.85597044,1
ID_5c658c92c.png,0.35577017,0
ID_5e44d47c7.png,0.03300637,0
ID_2c1717206.png,0.023569524,0
ID_876fcd7a1.png,0.029440284,0
ID_507ffd1ec.png,0.02366352,0
ID_bf7714c72.png,0.023871303,0
ID_7ef0b92ac.png,0.02339983,0
ID_9a7c778e1.png,0.023801804,0
ID_8c4d3587c.png,0.024797022,0
ID_b4c2ac95b.png,0.04037392,0
ID_2c3033dfe.png,0.9426475,1
ID_ed24dbe05.png,0.9130558,1
ID_4c9c8c093.png,0.024232686,0
ID_d364f4220.png,0.030773163,0
ID_1b05cbe4f.png,0.14799523,0
ID_c2152aed2.png,0.18024749,0
ID_479c68769.png,0.028569639,0
ID_79fb9ddfb.png,0.037893772,0
ID_332e3e1c6.png,0.9283007,1
ID_fe8b405db.png,0.20992154,0
ID_93600e04e.png,0.023544848,0
ID_873251b45.png,0.025879681,0
ID_42edc596e.png,0.02357018,0
ID_2ab0f02e1.png,0.029641807,0
ID_607cef738.png,0.023402095,0
ID_2e6f2c0c0.png,0.03314811,0
ID_d973753a6.png,0.065894246,0
ID_3dc5cf1ca.png,0.9169595,1
ID_e21f35b55.png,0.037819207,0
ID_b341aa6a4.png,0.06657702,0
ID_4fc65f2ae.png,0.032074153,0
ID_c96364920.png,0.02529484,0
ID_163544ab8.png,0.068764746,0
ID_62f72dab1.png,0.7967113,1
ID_84fb09e4b.png,0.027343273,0
ID_dac387269.png,0.9398622,1
ID_ab2c00ff5.png,0.023575306,0
ID_abb5c6634.png,0.655828,1
ID_0ee261579.png,0.058062613,0
ID_502a72490.png,0.035250366,0
ID_1b3195289.png,0.8000001,1
ID_195178ccb.png,0.11961126,0
ID_6938aa7da.png,0.023758829,0
ID_614532397.png,0.037459254,0
ID_48a13efb9.png,0.27275455,0
ID_ffa112a0b.png,0.15665787,0
ID_22666c62b.png,0.62363064,1
ID_8285fbfb8.png,0.082530916,0
ID_729eb3e2a.png,0.071935415,0
ID_3a3249daf.png,0.09005737,0
ID_8bbbf994b.png,0.023645222,0
ID_2bd6f4272.png,0.023462653,0
ID_bdf9dd9c0.png,0.02485609,0
ID_8cea2f5e6.png,0.032021284,0
ID_20a2d95f5.png,0.024492681,0
ID_fdce8b45d.png,0.023415148,0
ID_13210fdef.png,0.043785453,0
ID_0c026cd43.png,0.20834935,0
ID_24200de76.png,0.27310395,0
ID_853641a13.png,0.2447896,0
ID_183d9cac6.png,0.023447692,0
ID_e54eceb84.png,0.03031075,0
ID_cf7c91827.png,0.37621588,0
ID_543901567.png,0.08790481,0
ID_9919d7346.png,0.87486124,1
ID_d9083950e.png,0.024872303,0
ID_b75d1a8ce.png,0.039304912,0
ID_5690bd56f.png,0.9447249,1
ID_1e5213dfb.png,0.16035229,0
ID_09adde12d.png,0.9347068,1
ID_ac7edbe80.png,0.9424355,1
ID_a7090fd73.png,0.024829805,0
ID_4f804ac62.png,0.030999064,0
ID_6a3de302a.png,0.023594081,0
ID_89371d447.png,0.025347471,0
ID_3ff4d6082.png,0.023408234,0
ID_73f87fa1f.png,0.023550093,0
ID_6daeaec68.png,0.025584579,0
ID_6befb7852.png,0.6113633,1
ID_b64924ac9.png,0.024130225,0
ID_53627c917.png,0.025527537,0
ID_3a1c00f7d.png,0.023542106,0
ID_ece2b7fc9.png,0.023900926,0
ID_ec372e098.png,0.023872316,0
ID_341218fec.png,0.43399304,0
ID_628e72c4e.png,0.8989822,1
ID_21d455b4a.png,0.93635726,1
ID_6ddabb8f2.png,0.023581088,0
ID_7825d8473.png,0.023661792,0
ID_80a603368.png,0.023567557,0
ID_fbd206df8.png,0.028985381,0
ID_8e8f0897d.png,0.8963618,1
ID_1aff0e812.png,0.025368989,0
ID_74fd4f81d.png,0.023416162,0
ID_27b5ab17d.png,0.9338913,1
ID_7e534f1f1.png,0.94195193,1
ID_84b56a885.png,0.023899138,0
ID_15d00344c.png,0.024111032,0
ID_ad8b93c77.png,0.8755523,1
ID_c738e7a79.png,0.030464172,0
ID_3ac04fff8.png,0.024135172,0
ID_65fe84839.png,0.0242697,0
ID_92263d6ba.png,0.02345264,0
ID_cc541abfb.png,0.024908483,0
ID_c7494c0c7.png,0.9222375,1
ID_cee3ca6ae.png,0.7344839,1
ID_dcf651139.png,0.031637013,0
ID_939314c5d.png,0.050384045,0
ID_7b2b1c192.png,0.8759487,1
ID_6564d1473.png,0.023515642,0
ID_e7541bb19.png,0.024585128,0
ID_2889e369e.png,0.93899804,1
ID_60f9695cf.png,0.90861666,1
ID_fa500ccb3.png,0.029900134,0
ID_6bf99d26b.png,0.9261951,1
ID_47e3a0f03.png,0.029606223,0
ID_af127531a.png,0.023989081,0
ID_4ee22442d.png,0.02347076,0
ID_e7d7249bc.png,0.026728928,0
ID_74a0c7910.png,0.023910701,0
ID_796d80276.png,0.7898232,1
ID_6ac686286.png,0.41941494,0
ID_ade248db1.png,0.040929735,0
ID_a2974c2d6.png,0.9441417,1
ID_f731943ac.png,0.024176836,0
ID_eb38b9286.png,0.024439573,0
ID_983d0a8db.png,0.023601472,0
ID_73c832baa.png,0.04787606,0
ID_2d945e9bd.png,0.03628832,0
ID_7bae9556a.png,0.8842821,1
ID_2e679f2b7.png,0.9247602,1
ID_445a381ac.png,0.026877701,0
ID_d29f764c1.png,0.026890337,0
ID_4fba288a2.png,0.02393794,0
ID_9bfccad59.png,0.025281906,0
ID_062b2fc91.png,0.04813534,0
ID_6988227c4.png,0.9294748,1
ID_31d35197c.png,0.023788154,0
ID_b92b8b0a2.png,0.023539305,0
ID_c2e931e63.png,0.025250077,0
ID_5db18e931.png,0.03111124,0
ID_bf11f5cc4.png,0.024833918,0
ID_0546fc153.png,0.035274327,0
ID_b5ef7677c.png,0.025421977,0
ID_b77d667d1.png,0.32437938,0
ID_339ba4305.png,0.025127769,0
ID_474682dd8.png,0.023768485,0
ID_03f956d9d.png,0.024654984,0
ID_40597db0e.png,0.8858054,1
ID_f955c179f.png,0.03232634,0
ID_d22750f7a.png,0.023446321,0
ID_404f71ba3.png,0.023395598,0
ID_a6a822cf2.png,0.02344644,0
ID_080056891.png,0.023388743,0
ID_5acfce4d9.png,0.034514427,0
ID_e1eb547a1.png,0.024358094,0
ID_70788cd88.png,0.023728132,0
ID_8cfd09e73.png,0.023499489,0
ID_2f2945871.png,0.8805858,1
ID_f06d87964.png,0.03127998,0
ID_6917e3dc3.png,0.75088966,1
ID_a89558804.png,0.110685945,0
ID_a3c1d78d3.png,0.023697138,0
ID_67d72a99b.png,0.030187666,0
ID_8beda839b.png,0.80401766,1
ID_4e96273a0.png,0.94246966,1
ID_4bb3444f7.png,0.023744881,0
ID_ab50a8ac6.png,0.05140388,0
ID_c1b0b6c24.png,0.40097874,0
ID_e181a1fb7.png,0.025203645,0
ID_8497d6cfb.png,0.024022937,0
ID_4f1c9241a.png,0.041856766,0
ID_dbd36ff19.png,0.025993466,0
ID_598e98284.png,0.83789825,1
ID_b14354ef4.png,0.024757147,0
ID_21e0ab0a0.png,0.024430275,0
ID_4c6a74b05.png,0.9426035,1
ID_a7a6d16c4.png,0.024073541,0
ID_f9fa52a40.png,0.6321181,1
ID_558a7861e.png,0.9380331,1
ID_951fba65e.png,0.025750339,0
ID_a75f2258f.png,0.39529413,0
ID_427cf2bfb.png,0.9425623,1
ID_612349f28.png,0.03876418,0
ID_5bb805b52.png,0.024165154,0
ID_68b236b5b.png,0.024724245,0
ID_0384db7e7.png,0.032946587,0
ID_9401893ba.png,0.023453593,0
ID_3ec785f61.png,0.023759425,0
ID_f0ea50b5d.png,0.026246011,0
ID_92fef81ae.png,0.40243816,0
ID_3d89e44ca.png,0.28818196,0
ID_c6d74522f.png,0.096431136,0
ID_4a1c7c057.png,0.023829937,0
ID_b0e6926cd.png,0.13008875,0
ID_d9b47c810.png,0.033825994,0
ID_dcf287d5e.png,0.026810884,0
ID_7ed740c24.png,0.21306187,0
ID_5c64ebea5.png,0.93868613,1
ID_83e823043.png,0.9364525,1
ID_6a454a7d2.png,0.8846726,1
ID_287f17df8.png,0.024420619,0
ID_4d6269d79.png,0.033416152,0
ID_d9d444971.png,0.023641229,0
ID_ba7884c75.png,0.024747968,0
ID_ccf001d38.png,0.058029532,0
ID_777e504da.png,0.023729384,0
ID_9979c1b39.png,0.38647115,0
ID_416da1c07.png,0.78977895,1
ID_a4edfebca.png,0.024912,0
ID_31e6f6822.png,0.9451461,1
ID_a759116d0.png,0.48406196,1
ID_d942225bc.png,0.024685621,0
ID_e61488496.png,0.023863912,0
ID_c165601c5.png,0.05472976,0
ID_706c47865.png,0.16077739,0
ID_0a4674064.png,0.027982175,0
ID_a49ab23fd.png,0.04411739,0
ID_7c8e8d6f9.png,0.024443448,0
ID_c75c2fb2d.png,0.9422197,1
ID_4a6c08950.png,0.15507662,0
ID_4e7b4eb67.png,0.16741091,0
ID_3f1fcfa8c.png,0.08238912,0
ID_dd124b3cc.png,0.023861289,0
ID_6e0e33160.png,0.9171288,1
ID_621fc353a.png,0.1067431,0
ID_cffe2f581.png,0.02420038,0
ID_3fd953762.png,0.12648028,0
ID_aec8da4b8.png,0.7504876,1
ID_62799819a.png,0.93842185,1
ID_2b2d161f9.png,0.036590934,0
ID_30b36f083.png,0.024869144,0
ID_9a3d40f13.png,0.92658406,1
ID_f558b58df.png,0.34653068,0
ID_d97d570f9.png,0.024639666,0
ID_7d1e50284.png,0.62760663,1
ID_3ccb9e6dd.png,0.023632586,0
ID_099573ca7.png,0.02512467,0
ID_a9200ec06.png,0.023432195,0
ID_e1d3634f7.png,0.024074435,0
ID_09a84be45.png,0.023443699,0
ID_d4ce7422d.png,0.054025054,0
ID_3faf1310e.png,0.16910565,0
ID_f1419dfe7.png,0.61151373,1
ID_6f5034dc2.png,0.37838763,0
ID_873778956.png,0.042815387,0
ID_7c746119f.png,0.10436481,0
ID_cb253dfb6.png,0.025455415,0
ID_a82dd8080.png,0.037708938,0
ID_c2136e29a.png,0.024532378,0
ID_5c0cec0a7.png,0.023442984,0
ID_c45210dc9.png,0.02814424,0
ID_5913b680d.png,0.7490498,1
ID_2a31832a6.png,0.36060947,0
ID_f67aed1de.png,0.78220797,1
ID_113701c77.png,0.024302304,0
ID_d40b0a3ee.png,0.025812566,0
ID_1b256a41b.png,0.023473918,0
ID_46bb707b7.png,0.16613257,0
ID_9a084fee6.png,0.025559545,0
ID_0fea0b6b8.png,0.024212599,0
ID_545b177a7.png,0.023616433,0
ID_c0f66194a.png,0.023892999,0
ID_82218bf69.png,0.033795476,0
ID_f2758e040.png,0.023548484,0
ID_eb6f721b5.png,0.023431838,0
ID_222529a08.png,0.023538351,0
ID_52193c8a8.png,0.9404149,1
ID_a6c664155.png,0.94419074,1
ID_734f5d9c8.png,0.02469933,0
ID_9258d3501.png,0.02348268,0
ID_7b44b1373.png,0.94427264,1
ID_7038cd85a.png,0.025007665,0
ID_551847c3e.png,0.02684778,0
ID_d232b47ec.png,0.032678068,0
ID_d738ced18.png,0.023456275,0
ID_c1ad8d41a.png,0.9382366,1
ID_d6a050558.png,0.024513185,0
ID_272fc266e.png,0.06828785,0
ID_608afa05e.png,0.59845257,1
ID_82f3a1f04.png,0.024565399,0
ID_fb9ab19e3.png,0.036287427,0
ID_fb45aff65.png,0.08650762,0
ID_f2fdb0a27.png,0.038191617,0
ID_1019203d2.png,0.023391187,0
ID_994550706.png,0.024966598,0
ID_e4a3f3c44.png,0.02400124,0
ID_d6d6c8122.png,0.027783036,0
ID_66a90e735.png,0.023827314,0
ID_e2405bbe6.png,0.06734997,0
ID_b91950d8a.png,0.040984333,0
ID_74c4616b2.png,0.024426103,0
ID_b45f0a48a.png,0.02498138,0
ID_54a7d8b6c.png,0.92873144,1
ID_003206608.png,0.023648381,0
ID_f3ec1772a.png,0.94228446,1
ID_37ea11a56.png,0.02373302,0
ID_0bbbdda07.png,0.026355803,0
ID_61e5c56d0.png,0.024131358,0
ID_897c5cf4f.png,0.027673244,0
ID_136a37334.png,0.025026321,0
ID_8eb35c9c7.png,0.8625808,1
ID_33aaf5ea1.png,0.937165,1
ID_cf540562b.png,0.02588588,0
ID_5fc4256ff.png,0.023449242,0
ID_4ddf87823.png,0.028793335,0
ID_74c6d7131.png,0.50982356,1
ID_0d90d4adc.png,0.9307726,1
ID_bc4dd4d40.png,0.024631858,0
ID_3dcc20385.png,0.8866432,1
ID_481ba8255.png,0.77618456,1
ID_8b85569ed.png,0.023461878,0
ID_e155d1669.png,0.9392406,1
ID_d876567ea.png,0.023795664,0
ID_82a35e97a.png,0.02487868,0
ID_76db599e8.png,0.799531,1
ID_5fac764da.png,0.93363047,1
ID_0ef5f7fd7.png,0.025069296,0
ID_9a39055dd.png,0.023557007,0
ID_2db66fd23.png,0.02533412,0
ID_7bca323e4.png,0.9423426,1
ID_2b78b9db7.png,0.023605108,0
ID_026233a3e.png,0.02343607,0
ID_be84b20cb.png,0.02406001,0
ID_90db46887.png,0.9404488,1
ID_1a9b57ba3.png,0.84160006,1
ID_ec5114bec.png,0.9447612,1
ID_7a2a51419.png,0.02574706,0
ID_b141856a4.png,0.023471773,0
ID_cde4075de.png,0.097194076,0
ID_53892d3d0.png,0.8633848,1
ID_0194bdd5a.png,0.024516284,0
ID_4c4f68820.png,0.04246217,0
ID_76b598f21.png,0.4867735,1
ID_cb260c07a.png,0.7301765,1
ID_5760b5ab0.png,0.9127659,1
ID_be6ea89fa.png,0.42952514,0
ID_d50a376ed.png,0.93724877,1
ID_c089234df.png,0.8388771,1
ID_00528aa0e.png,0.027092397,0
ID_be42fa6c8.png,0.032711864,0
ID_cf3984776.png,0.023717463,0
ID_270ee0792.png,0.041165948,0
ID_a540d36ed.png,0.025703728,0
ID_0c902c890.png,0.03358811,0
ID_1eff08d3c.png,0.024688303,0
ID_5f73ec11e.png,0.9330394,1
ID_ba5f72409.png,0.023789406,0
ID_5f5d5104b.png,0.024803877,0
ID_f1bb6ea0e.png,0.023543835,0
ID_fa44fca1c.png,0.023568392,0
ID_f1608470d.png,0.023452342,0
ID_173cbb58c.png,0.2571975,0
ID_044db169e.png,0.023776889,0
ID_1b195d282.png,0.92552614,1
ID_218fef0ac.png,0.033799946,0
ID_5c6b1c514.png,0.023627698,0
ID_e29bf506e.png,0.023609877,0
ID_dd3eac33a.png,0.024243176,0
ID_6e91b66ed.png,0.028013706,0
ID_e2d010511.png,0.3571633,0
ID_e8debf94c.png,0.9091152,1
ID_bdd2b0bb0.png,0.13261622,0
ID_b67d56d59.png,0.0245983,0
ID_b01c79194.png,0.023658931,0
ID_6c6611daa.png,0.92311776,1
ID_03ee5c4f3.png,0.024423242,0
ID_22529a620.png,0.023415923,0
ID_4b03f9e91.png,0.023782015,0
ID_587001b78.png,0.032681882,0
ID_2ac73b376.png,0.80287075,1
ID_0dba743ec.png,0.9407317,1
ID_7161d43d8.png,0.9333774,1
ID_197696664.png,0.023555636,0
ID_0f2f40334.png,0.03857392,0
ID_ffa308996.png,0.042231917,0
ID_88e1f0ee0.png,0.023404777,0
ID_32ed74796.png,0.026523232,0
ID_4bffd873f.png,0.024837613,0
ID_b44c0682e.png,0.024778903,0
ID_41ba53083.png,0.023517132,0
ID_09ca5ca1b.png,0.024599195,0
ID_0650141b9.png,0.023489833,0
ID_9e7eae7c8.png,0.33473557,0
ID_586e3090a.png,0.06431621,0
ID_107f79066.png,0.033182085,0
ID_ed3baf285.png,0.9269264,1
ID_61d2c1390.png,0.93194485,1
ID_a5c04b3ed.png,0.02400726,0
ID_025f1e40c.png,0.024639904,0
ID_18534db76.png,0.024993002,0
ID_52aed5d1b.png,0.032976687,0
ID_1b87247f2.png,0.1865406,0
ID_b9927bf97.png,0.026111841,0
ID_61112ffda.png,0.024100244,0
ID_0bb960c48.png,0.042779803,0
ID_81616622c.png,0.023459613,0
ID_76b3a396e.png,0.02897793,0
ID_a670c4459.png,0.05211371,0
ID_e3f860d08.png,0.03675753,0
ID_b2dbfcbaf.png,0.024079084,0
ID_d7aa53932.png,0.9412307,1
ID_2f49454ab.png,0.937519,1
ID_6681edebf.png,0.023565173,0
ID_fdfc4e448.png,0.9441722,1
ID_c1f3b5104.png,0.8759933,1
ID_554ec6d68.png,0.02341801,0
ID_e85b01137.png,0.9397681,1
ID_05d377d4a.png,0.025950372,0
ID_44342c337.png,0.023875594,0
ID_e626ee7ec.png,0.023459971,0
ID_7a58c3c5f.png,0.044804752,0
ID_95747e23a.png,0.023862123,0
ID_7f01c10e0.png,0.02448845,0
ID_fbe05c8ad.png,0.027735353,0
ID_ec235550f.png,0.94473964,1
ID_5a3467c6a.png,0.02342242,0
ID_c88569d31.png,0.92928296,1
ID_720b9d0d1.png,0.7388889,1
ID_bd24c96b6.png,0.9028825,1
ID_870cdbbce.png,0.9021243,1
ID_059491a97.png,0.024609149,0
ID_6780e866f.png,0.02755636,0
ID_3a3155080.png,0.57182336,1
ID_0fdb495f1.png,0.02359587,0
ID_fe9b249fe.png,0.9433077,1
ID_42c53be82.png,0.024597466,0
ID_6437175ad.png,0.02666837,0
ID_151baf14c.png,0.024214745,0
ID_f1deda2bb.png,0.024264932,0
ID_2932293b5.png,0.42846864,0
ID_8cd2e5b7c.png,0.024603844,0
ID_dfc319576.png,0.8477962,1
ID_76787b6c5.png,0.028841019,0
ID_95fb84a5a.png,0.027397037,0
ID_49709a2b1.png,0.035186112,0
ID_6da362ac2.png,0.4912926,1
ID_c26fb28ef.png,0.024605274,0
ID_6abb2c39c.png,0.024159968,0
ID_b78da43d8.png,0.15833527,0
ID_f0ae2d923.png,0.028256714,0
ID_8a9d78aa4.png,0.024261773,0
ID_e9b63c13f.png,0.027141035,0
ID_e1d95e489.png,0.023836792,0
ID_b1fe8faf2.png,0.024590552,0
ID_9988e4f03.png,0.027425587,0
ID_4cd1d6dc1.png,0.5724166,1
ID_4b9e675cd.png,0.23485863,0
ID_5f8591cc7.png,0.93764156,1
ID_e0f3272b3.png,0.07684183,0
ID_75a7e89cb.png,0.023905694,0
ID_59b67cc87.png,0.024034262,0
ID_d493c9c66.png,0.024282873,0
ID_3c88c99a3.png,0.024843752,0
ID_a97eb5f51.png,0.05877149,0
ID_81c3b0edb.png,0.025749445,0
ID_fd212b378.png,0.024627209,0
ID_69cefa55c.png,0.75284594,1
ID_78348c46e.png,0.044830084,0
ID_5bb8a1720.png,0.94214207,1
ID_c162c7334.png,0.02350074,0
ID_1e4e92bd3.png,0.023437202,0
ID_922c3eb30.png,0.025432646,0
ID_a5b876d4f.png,0.81699693,1
ID_d7bfcb8ec.png,0.6727525,1
ID_9cdb3f251.png,0.067293644,0
ID_3681e8e85.png,0.03444016,0
ID_72951779b.png,0.51507115,1
ID_6413dd756.png,0.023710549,0
ID_ee21e8977.png,0.023937404,0
ID_d1364a0b4.png,0.64765704,1
ID_1131c1fc5.png,0.024707139,0
ID_af446de14.png,0.083761394,0
ID_f708b9f6c.png,0.05612135,0
ID_d74726330.png,0.024136424,0
ID_aab56e9d0.png,0.023714304,0
ID_02d9438fe.png,0.023864508,0
ID_70ca7a871.png,0.1958319,0
ID_c232524de.png,0.9361199,1
ID_457677be9.png,0.024048448,0
ID_7fa7f97d6.png,0.028146386,0
ID_a238e80e2.png,0.030574977,0
ID_2b90e7697.png,0.9266874,1
ID_0d56b5fd2.png,0.028752983,0
ID_481514c41.png,0.8225964,1
ID_08fdfe57b.png,0.026851535,0
ID_71c740d4c.png,0.024169803,0
ID_0331cdaf2.png,0.75884426,1
ID_8430c1b99.png,0.02386576,0
ID_63bd38c11.png,0.03866911,0
ID_38147c975.png,0.9425028,1
ID_ec3d4bba8.png,0.4002617,0
ID_47a755c4e.png,0.023585677,0
ID_7da7f0b1c.png,0.12530458,0
ID_e6d6ec461.png,0.49277717,1
ID_8ed5f4f08.png,0.15223801,0
ID_f7e303a1d.png,0.023661554,0
ID_2614cfb59.png,0.92911875,1
ID_06e2a3fec.png,0.44289297,0
ID_493c80f7e.png,0.028746665,0
ID_d827ede94.png,0.023487806,0
ID_641443fe2.png,0.0234105,0
ID_1ade52ca4.png,0.024803758,0
ID_f92cf7e82.png,0.023759544,0
ID_0e70e5aff.png,0.30662555,0
ID_dd2c1c4c9.png,0.030295968,0
ID_9aefb2452.png,0.024416983,0
ID_d3acf7242.png,0.02440226,0
ID_c0322c82b.png,0.046586692,0
ID_7868f2196.png,0.027208447,0
ID_d6d359ce7.png,0.029821336,0
ID_08e5984ca.png,0.47757596,1
ID_36ac3f128.png,0.9439461,1
ID_9fa5000ce.png,0.7240617,1
ID_1e7c76acf.png,0.024041057,0
ID_703cd030b.png,0.023801684,0
ID_b0c7f2732.png,0.03551483,0
ID_99dba3a8a.png,0.023619294,0
ID_15a2ba2ad.png,0.9444053,1
ID_0f06aa9c4.png,0.9303112,1
ID_02d01449d.png,0.034478307,0
ID_aaf1501c6.png,0.73059064,1
ID_8645772f2.png,0.023873568,0
ID_6f25dc5dd.png,0.024267077,0
ID_8279bad58.png,0.6988782,1
ID_96c5c4d09.png,0.9428056,1
ID_f8c7405cd.png,0.025057256,0
ID_4ed4e5150.png,0.05085802,0
ID_8915cc3f0.png,0.023640454,0
ID_5ad7d7e53.png,0.023725212,0
ID_dd11042a7.png,0.8850943,1
ID_bbe205a41.png,0.024836719,0
ID_f6df3d99b.png,0.025113165,0
ID_c3b5b58d4.png,0.9210819,1
ID_5e321981f.png,0.029812574,0
ID_e891a4f34.png,0.023765206,0
ID_3740c080e.png,0.023821414,0
ID_909b53353.png,0.06337589,0
ID_f3a101963.png,0.02379793,0
ID_95bff7cc4.png,0.023743391,0
ID_f7bb077ae.png,0.023660183,0
ID_3c589d837.png,0.023794055,0
ID_64063d981.png,0.024074256,0
ID_0ffe7ff66.png,0.024315417,0
ID_591670dda.png,0.02696687,0
ID_f2816a979.png,0.024107158,0
ID_3c302d82c.png,0.6912078,1
ID_9f448b1f5.png,0.023685455,0
ID_f7eecca96.png,0.02449119,0
ID_44a3db851.png,0.24625713,0
ID_768c9171e.png,0.32109332,0
ID_c967abd2e.png,0.06115818,0
ID_bb838fd99.png,0.026308537,0
ID_5b74fb0be.png,0.024264395,0
ID_873b60ff5.png,0.025003433,0
ID_3e441278b.png,0.023758173,0
ID_fae73462e.png,0.24936676,0
ID_12c987680.png,0.024964154,0
ID_7778a4c25.png,0.12392825,0
ID_a253772ac.png,0.02473265,0
ID_3c8f29852.png,0.023506105,0
ID_b7056c6a7.png,0.025733054,0
ID_dfb1699bf.png,0.027902126,0
ID_82715f640.png,0.024281085,0
ID_d705c549b.png,0.75493675,1
ID_5d710b5cf.png,0.023750067,0
ID_1e90e9b2a.png,0.035556495,0
ID_6399636ea.png,0.08178073,0
ID_cd49e24fb.png,0.06830317,0
ID_3b7253f23.png,0.023697793,0
ID_ba91cb17b.png,0.028887033,0
ID_cba531b03.png,0.04096347,0
ID_f6923bec0.png,0.055919766,0
ID_8aa328c2b.png,0.027947605,0
ID_741d83752.png,0.025346935,0
ID_bbf176863.png,0.023944914,0
ID_b225e343c.png,0.93573654,1
ID_0efca2a02.png,0.46142012,1
ID_6217eece7.png,0.03653395,0
ID_346ef7da2.png,0.03291273,0
ID_3371defd6.png,0.92051095,1
ID_59612cfbf.png,0.90854555,1
ID_2d3d8a6ac.png,0.02469331,0
ID_31743ccba.png,0.7281432,1
ID_1002357df.png,0.86887485,1
ID_66132c9be.png,0.91279584,1
ID_7b1892cc8.png,0.02609092,0
ID_a922bbcda.png,0.032768667,0
ID_120d87b8e.png,0.0234254,0
ID_b73254a4c.png,0.02707678,0
ID_ed2b47555.png,0.024030983,0
ID_08bcde0af.png,0.02520299,0
ID_2981b9921.png,0.027128398,0
ID_c6db844b7.png,0.027098715,0
ID_7d55b205a.png,0.033376157,0
ID_025297e5a.png,0.027166486,0
ID_8b1f18c2c.png,0.023942411,0
ID_33aa86e32.png,0.026996672,0
ID_4c7d2d93f.png,0.9313632,1
ID_81f0c8200.png,0.023521125,0
ID_69941f1dc.png,0.7112,1
ID_7182680ed.png,0.94466525,1
ID_bb2462608.png,0.023915112,0
ID_a0f1afb50.png,0.9441898,1
ID_bcb7a1afc.png,0.26430994,0
ID_afc514c3a.png,0.02348566,0
ID_76b781f21.png,0.026771903,0
ID_df9b05779.png,0.94449,1
ID_934d57a63.png,0.06213206,0
ID_8a496a33d.png,0.7029947,1
ID_8f4f15d71.png,0.029127061,0
ID_8ef74e9fa.png,0.026395023,0
ID_1e0eee2d3.png,0.02527821,0
ID_92fc040e3.png,0.21564645,0
ID_0eef0f529.png,0.11790705,0
ID_5bc8d0e03.png,0.02522403,0
ID_7268da6ed.png,0.031223774,0
ID_07f3fd364.png,0.023769498,0
ID_e86582189.png,0.2568285,0
ID_de7316a40.png,0.023987472,0
ID_2989b769b.png,0.06122613,0
ID_bc115643e.png,0.026796341,0
ID_bac143d4f.png,0.023563623,0
ID_a462d9e95.png,0.023396611,0
ID_af68405f5.png,0.042747915,0
ID_0a323a5be.png,0.029544473,0
ID_80732d3de.png,0.2761339,0
ID_74a9675af.png,0.04745525,0
ID_d231c04bf.png,0.023798048,0
ID_8338fb7eb.png,0.94419426,1
ID_c57c4d0a3.png,0.9342262,1
ID_6c5f659c5.png,0.28539854,0
ID_23d638937.png,0.028439164,0
ID_12001c3b8.png,0.02712524,0
ID_71e255764.png,0.0332942,0
ID_66ee104a6.png,0.024253905,0
ID_54ed2f279.png,0.023700655,0
ID_435111c89.png,0.023595333,0
ID_f9ee65f4c.png,0.023496687,0
ID_7218a21a8.png,0.023981452,0
ID_f1f019751.png,0.10978842,0
ID_d2d5b40c1.png,0.026428998,0
ID_f1e53a8ce.png,0.12998599,0
ID_78072488a.png,0.02382493,0
ID_439ad477b.png,0.7362478,1
ID_2ac657b05.png,0.023687363,0
ID_9aee19d06.png,0.025776029,0
ID_2a825e695.png,0.026097596,0
ID_44f24a286.png,0.9143653,1
ID_22d4fbaab.png,0.025242627,0
ID_266fb1c4b.png,0.02489829,0
ID_ee467a97f.png,0.024610281,0
ID_6a26986a4.png,0.2664984,0
ID_a3a484742.png,0.025432408,0
ID_cb09d3e4e.png,0.8835025,1
ID_3a49293f9.png,0.03589791,0
ID_c2dc17868.png,0.03066206,0
ID_9693f147e.png,0.026245117,0
ID_d10243705.png,0.92324734,1
ID_88462f593.png,0.035201192,0
ID_f0f692d23.png,0.22233683,0
ID_ef0aa195d.png,0.45984095,1
ID_c1c7659bb.png,0.025316894,0
ID_168372be6.png,0.024278104,0
ID_723d3dc32.png,0.024498582,0
ID_55fbcd8c9.png,0.024348557,0
ID_c832ccaba.png,0.074409604,0
ID_88fd7aba3.png,0.024419367,0
ID_7690851e2.png,0.02532959,0
ID_00d054471.png,0.023514032,0
ID_50980a76e.png,0.023601472,0
ID_168b4a66c.png,0.023500204,0
ID_97d796464.png,0.024001777,0
ID_2d980af91.png,0.937373,1
ID_ba7fd2b69.png,0.023520172,0
ID_332dea973.png,0.023762345,0
ID_6fd8b6961.png,0.08834559,0
ID_0665c73ab.png,0.4339171,0
ID_b36996a11.png,0.7872457,1
ID_69cc2783a.png,0.35699427,0
ID_500017f47.png,0.9080888,1
ID_781eb3baf.png,0.023941398,0
ID_9a873299b.png,0.53867936,1
ID_6cccf843f.png,0.21889913,0
ID_c94a314e5.png,0.023687005,0
ID_8a837104a.png,0.08266163,0
ID_149e59cb5.png,0.9295015,1
ID_43c331927.png,0.02482152,0
ID_2e2b0eee5.png,0.9443465,1
ID_6b005054d.png,0.033333063,0
ID_034a9430a.png,0.034309328,0
ID_ed7253d8c.png,0.023632348,0
ID_f97c778f9.png,0.023722708,0
ID_5af176608.png,0.023380935,0
ID_b8c3e6299.png,0.032925963,0
ID_c6f1e3697.png,0.5495591,1
ID_9954ceb96.png,0.025106907,0
ID_e715f7b00.png,0.023563504,0
ID_4a70f010c.png,0.024573863,0
ID_dc364b2f7.png,0.9295667,1
ID_0c1737948.png,0.023880184,0
ID_75e362858.png,0.024323523,0
ID_bd20a4fde.png,0.023502827,0
ID_01bbf9032.png,0.8892954,1
ID_443f6d7f4.png,0.9253469,1
ID_6daf27a57.png,0.5036958,1
ID_10bc109aa.png,0.054724872,0
ID_11beebf3d.png,0.0270468,0
ID_322844a4b.png,0.39107186,0
ID_83b36eb6f.png,0.034041464,0
ID_c4cb8bdb8.png,0.1836294,0
ID_272eb40c6.png,0.94233114,1
ID_c733f10e9.png,0.023617923,0
ID_645045b46.png,0.024593055,0
ID_80da461dc.png,0.026970923,0
ID_fd47054b5.png,0.023730218,0
ID_d27265773.png,0.8304795,1
ID_13ac32769.png,0.9200305,1
ID_5536caa0a.png,0.024512768,0
ID_daaa150bf.png,0.023485541,0
ID_12b389943.png,0.03578198,0
ID_1f6434adf.png,0.024969459,0
ID_b6a92435d.png,0.054172993,0
ID_5256d5d66.png,0.9329773,1
ID_1b0cffd1e.png,0.91505784,1
ID_6aca75cde.png,0.23004496,0
ID_4fd5ffbde.png,0.045558333,0
ID_f357c45da.png,0.023625672,0
ID_00b0e5a9f.png,0.078015804,0
ID_3cb5c54b3.png,0.031039178,0
ID_ea252d738.png,0.024451256,0
ID_f5ffeced4.png,0.77341604,1
ID_bf7556dc5.png,0.21068001,0
ID_f21c751d7.png,0.023557723,0
ID_4c1b4a99f.png,0.025059879,0
ID_a51eef93c.png,0.14421266,0
ID_899ddca20.png,0.024090827,0
ID_bcf1d5e0f.png,0.02374214,0
ID_ca233dabf.png,0.023849845,0
ID_921e0d284.png,0.1832385,0
ID_44cbb45ee.png,0.023519278,0
ID_cc2181c35.png,0.04985112,0
ID_b2377177f.png,0.9450455,1
ID_b532db029.png,0.94506854,1
ID_1a1e18998.png,0.033521652,0
ID_379d1723a.png,0.383074,0
ID_1f1e73e54.png,0.023588479,0
ID_6f5a02d1e.png,0.94405735,1
ID_17f91fafd.png,0.026924908,0
ID_c775761d1.png,0.023561537,0
ID_3e7faf52f.png,0.024825275,0
ID_b37202ef6.png,0.9445457,1
ID_75762c064.png,0.8082224,1
ID_c60d57805.png,0.024171531,0
ID_d3639ddab.png,0.93628097,1
ID_b5c6f93a3.png,0.026072145,0
ID_ddbb30ada.png,0.02413994,0
ID_2ccfe5000.png,0.023445249,0
ID_873226f3e.png,0.023700178,0
ID_9b8c18cc9.png,0.02346164,0
ID_d00254218.png,0.2963872,0
ID_6fa4d5b85.png,0.023413897,0
ID_5053e626d.png,0.6378344,1
ID_8dc67db52.png,0.89809865,1
ID_06c102168.png,0.026559174,0
ID_1987a0cc0.png,0.024180055,0
ID_29ac8a810.png,0.023784935,0
ID_7f401f27f.png,0.024292171,0
ID_9e92cd2ee.png,0.92598987,1
ID_6327c3de5.png,0.024918258,0
ID_d00078315.png,0.05420786,0
ID_5e7b5c0f1.png,0.023409903,0
ID_7f12009bc.png,0.026319027,0
ID_c9636e74d.png,0.02435404,0
ID_6c32ef1b6.png,0.023959458,0
ID_e2f66d413.png,0.37818003,0
ID_77ab447a1.png,0.64814913,1
ID_470cc745a.png,0.9420853,1
ID_1755ee6ee.png,0.9113151,1
ID_94a70bfd8.png,0.02339834,0
ID_069fc24ea.png,0.36108118,0
ID_fc23af481.png,0.91630787,1
ID_585f53472.png,0.0306077,0
ID_9a9780865.png,0.024430633,0
ID_e0c12ade9.png,0.026755571,0
ID_b975b9cec.png,0.03504193,0
ID_2cc345c20.png,0.023543715,0
ID_048676b11.png,0.05017656,0
ID_856b7ec85.png,0.024386585,0
ID_d3b094763.png,0.94245964,1
ID_ebc163e56.png,0.5824485,1
ID_fa36bef58.png,0.026022732,0
ID_f1b4321ad.png,0.05203098,0
ID_40e786772.png,0.025846303,0
ID_a2eaee57e.png,0.04967308,0
ID_bf534a6ee.png,0.025285184,0
ID_a1f9dfdbe.png,0.028078616,0
ID_914e00773.png,0.9169986,1
ID_b439e7bb3.png,0.031183422,0
ID_ae193130d.png,0.024290562,0
ID_925ef2da0.png,0.066498995,0
ID_eec88cf33.png,0.024264157,0
ID_cb5f6a72d.png,0.02441293,0
ID_1b5f87d6d.png,0.032132983,0
ID_3694e1931.png,0.025158107,0
ID_9a405da27.png,0.026561081,0
ID_ee587c7a3.png,0.023593247,0
ID_48ce0567e.png,0.02365905,0
ID_d5f71b720.png,0.035701632,0
ID_f1bcba6b9.png,0.044490814,0
ID_f865d1289.png,0.058142543,0
ID_4277c6829.png,0.02356112,0
ID_410aab8cc.png,0.03423339,0
ID_3ec7b2305.png,0.023652494,0
ID_09406ffbc.png,0.023973763,0
ID_d92c565e2.png,0.16302317,0
ID_7c3d8f9b7.png,0.023712337,0
ID_ab49f8abb.png,0.02470541,0
ID_e27a49f27.png,0.024919271,0
ID_83859a816.png,0.8115314,1
ID_9e2059107.png,0.043468058,0
ID_0e6781865.png,0.026367843,0
ID_c8c86afc6.png,0.023824155,0
ID_b83121823.png,0.023570657,0
ID_a616ad8db.png,0.1812563,0
ID_9bf3d7a2d.png,0.023942053,0
ID_1b7b1eb4b.png,0.023467898,0
ID_cf2d8e295.png,0.9422532,1
ID_13c489c31.png,0.48753208,1
ID_afbc39409.png,0.9434493,1
ID_b342cfb90.png,0.8370302,1
ID_e8808e0ce.png,0.027284622,0
ID_c8243f1a5.png,0.49642444,1
ID_edd953726.png,0.04764396,0
ID_81dd08780.png,0.5635308,1
ID_f9c17fb1c.png,0.024578333,0
ID_f2667f45b.png,0.042960167,0
ID_79d48da33.png,0.025688708,0
ID_1d56cdcd9.png,0.029943764,0
ID_ecdae7d8d.png,0.7668374,1
ID_f49f5003e.png,0.9356366,1
ID_ccef5ac65.png,0.039909005,0
ID_761debc5b.png,0.92857134,1
ID_808cc72b3.png,0.036729336,0
ID_dd2abe505.png,0.5743933,1
ID_846334f7a.png,0.025704205,0
ID_cdafb8a18.png,0.024906754,0
ID_1f3f99b86.png,0.025607526,0
ID_a1d6eea0f.png,0.026474416,0
ID_833723cc8.png,0.023785532,0
ID_b787079a0.png,0.026315749,0
ID_527cb9595.png,0.053818166,0
ID_2875dca36.png,0.03253305,0
ID_66e3a46b5.png,0.024918675,0
ID_ccee49d80.png,0.048008442,0
ID_b01bd350b.png,0.032714903,0
ID_6086593c0.png,0.9337061,1
ID_206db31d3.png,0.038719654,0
ID_79d6e93f6.png,0.93417746,1
ID_89770c8a9.png,0.024621964,0
ID_ed3e9b7dc.png,0.94509476,1
ID_b007b2572.png,0.82897824,1
ID_0b2da875a.png,0.0241521,0
ID_329895150.png,0.02373439,0
ID_aeda04219.png,0.03388506,0
ID_14c2b7220.png,0.15754986,0
ID_32b4fa7ee.png,0.9449813,1
ID_9381515b9.png,0.062971056,0
ID_d6b398e4c.png,0.027281463,0
ID_b3922fba5.png,0.028606772,0
ID_f890f0ec4.png,0.024771214,0
ID_4ebcd0c53.png,0.030556202,0
ID_f2fab8016.png,0.023970425,0
ID_b44ca6d6f.png,0.024240315,0
ID_108f720d5.png,0.39985913,0
ID_6310b1ed2.png,0.024459898,0
ID_f4e7c0515.png,0.0694263,0
ID_bfa681d69.png,0.12602574,0
ID_62203c90d.png,0.9283784,1
ID_2d595adc5.png,0.029331982,0
ID_de50f80c2.png,0.024083912,0
ID_3b7bf9306.png,0.026368558,0
ID_f88fb573c.png,0.22129488,0
ID_5203ed4d3.png,0.095537245,0
ID_6971f2ba2.png,0.025829196,0
ID_d6e77c9a8.png,0.07096577,0
ID_7d4654022.png,0.10441291,0
ID_ef5d7509a.png,0.26031375,0
ID_27e7a530f.png,0.12544459,0
ID_d98e1e389.png,0.024573863,0
ID_cd084f1b5.png,0.7944481,1
ID_98e39f707.png,0.16763818,0
ID_69956179f.png,0.031367183,0
ID_bb512ddc6.png,0.82280284,1
ID_34bc4771a.png,0.73745906,1
ID_25a963d16.png,0.15334862,0
ID_e7895ee6f.png,0.086702526,0
ID_7258a7c31.png,0.025045037,0
ID_ed620ded3.png,0.023586094,0
ID_87cecd0be.png,0.6251744,1
ID_493e2881b.png,0.9375071,1
ID_3b050b8d1.png,0.03126049,0
ID_201ee2d58.png,0.92754686,1
ID_e992eb878.png,0.17715871,0
ID_8d6836737.png,0.94040763,1
ID_1413ef032.png,0.04408276,0
ID_fa1f5a727.png,0.91756064,1
ID_e5f0ad215.png,0.025302172,0
ID_648e50fad.png,0.2880649,0
ID_02119e236.png,0.93076485,1
ID_4986d2199.png,0.028876781,0
ID_736ba65d2.png,0.14341605,0
ID_05c11b43a.png,0.0326187,0
ID_f681da0d5.png,0.94430006,1
ID_56f631636.png,0.023841202,0
ID_2d2014968.png,0.036206305,0
ID_54ddf2f66.png,0.023691595,0
ID_4c2bc19cd.png,0.039174497,0
ID_6e0906445.png,0.029296756,0
ID_e1b81fdf2.png,0.023732007,0
ID_aa5064700.png,0.4548456,1
ID_3c458b006.png,0.4658221,1
ID_a7e7c9d9d.png,0.91486526,1
ID_810e718aa.png,0.02402997,0
ID_0a4f3c934.png,0.023766339,0
ID_ed6199ec4.png,0.035120547,0
ID_b7c364a30.png,0.027735591,0
ID_7c8f1914a.png,0.028314352,0
ID_d6356796e.png,0.034219623,0
ID_c14597a97.png,0.9318001,1
ID_71882743f.png,0.21644664,0
ID_c9bc56dd3.png,0.023878336,0
ID_ec4c7cbb9.png,0.94079345,1
ID_55df8adfc.png,0.70880914,1
ID_7d9391c0f.png,0.023986936,0
ID_097016d2a.png,0.91330194,1
ID_5d9d0c075.png,0.766079,1
ID_240440107.png,0.8981061,1
ID_b2a440612.png,0.17555368,0
ID_418dd78f9.png,0.024168372,0
ID_4a13255c6.png,0.0236516,0
ID_f8045f816.png,0.7096318,1
ID_77f0b4471.png,0.9187202,1
ID_dcf07be6e.png,0.02374053,0
ID_c7c2d19ef.png,0.93131787,1
ID_e8f5b26d2.png,0.025626242,0
ID_48d372659.png,0.21920735,0
ID_7e8dc2073.png,0.028733313,0
ID_60cc6eb98.png,0.9361972,1
ID_4e3495795.png,0.027895689,0
ID_bce0d9136.png,0.45563143,1
ID_02607293d.png,0.5429468,1
ID_42bc8d2d3.png,0.024021566,0
ID_709fdd91e.png,0.023754656,0
ID_9bb7a0ebd.png,0.9423602,1
ID_0547b1b48.png,0.93616396,1
ID_f8932bf83.png,0.027220905,0
ID_bab876741.png,0.08715862,0
ID_5d761b609.png,0.94224894,1
ID_74b1e3984.png,0.025862813,0
ID_ef6e53b00.png,0.033824205,0
ID_978720f61.png,0.779287,1
ID_0efd05125.png,0.023766339,0
ID_2d912f4c0.png,0.026022196,0
ID_4a84eea99.png,0.034037113,0
ID_1a81c3bbb.png,0.026412189,0
ID_63b41ef72.png,0.027155578,0
ID_db299dcab.png,0.944047,1
ID_e242acfc6.png,0.036190987,0
ID_49d73db79.png,0.02419436,0
ID_45b5fa81e.png,0.024186075,0
ID_c243137d7.png,0.9204464,1
ID_3d3268f3a.png,0.7354276,1
ID_4024480ff.png,0.023778915,0
ID_9af3ce2cb.png,0.024363995,0
ID_f6232c9de.png,0.023931503,0
ID_938c937c8.png,0.025628567,0
ID_b54261c7a.png,0.024917305,0
ID_b300a764c.png,0.023574531,0
ID_34e526a85.png,0.029298186,0
ID_0aeb72cba.png,0.4438026,0
ID_aad6dfd0b.png,0.024082065,0
ID_994093d9d.png,0.034654856,0
ID_d6bacad8a.png,0.027531326,0
ID_f4b87ca0e.png,0.08072555,0
ID_ef0c0ea4c.png,0.0248397,0
ID_017bd788a.png,0.06727111,0
ID_7c166d344.png,0.9141578,1
ID_74d466365.png,0.0798555,0
ID_5510326e1.png,0.0235188,0
ID_c3aca1e53.png,0.024060369,0
ID_2be4f5a65.png,0.028452337,0
ID_062f144f1.png,0.6366651,1
ID_2ce856b08.png,0.94321537,1
ID_de9c79df6.png,0.037739158,0
ID_8497432be.png,0.023858547,0
ID_a548c37f6.png,0.024465442,0
ID_aaa0d1b33.png,0.38543135,0
ID_3d6a8a43a.png,0.024312973,0
ID_13b8ad0a8.png,0.025034487,0
ID_71d3ae7ad.png,0.026875257,0
ID_3f400d86f.png,0.2558918,0
ID_ca770de5a.png,0.023575068,0
ID_89b748559.png,0.9427387,1
ID_b674128b4.png,0.93668467,1
ID_b2a51c25c.png,0.024745941,0
ID_cb28ea432.png,0.027543724,0
ID_bccc6c700.png,0.09897745,0
ID_b9c935e99.png,0.032962203,0
ID_749d6b8a8.png,0.023679197,0
ID_18cbd607d.png,0.024491072,0
ID_4d0747a3a.png,0.061858,0
ID_bde50af82.png,0.023571134,0
ID_d2d12f9a8.png,0.04396379,0
ID_2cfbe75a7.png,0.023610234,0
ID_aa1b1a32e.png,0.8651831,1
ID_1241010ce.png,0.7298958,1
ID_c43687793.png,0.35841846,0
ID_2d5485e6e.png,0.02361691,0
ID_0ac3e69bc.png,0.028004587,0
ID_d8f170c47.png,0.14145976,0
ID_1c7653501.png,0.9128754,1
ID_3b157e6a9.png,0.027933776,0
ID_c7c17fd09.png,0.03387201,0
ID_5754cdeee.png,0.02419424,0
ID_a9651ecdd.png,0.02352482,0
ID_70dac8196.png,0.9418221,1
ID_df9d57a1d.png,0.5651878,1
ID_0207b2ce9.png,0.02380073,0
ID_fea6a188b.png,0.94371825,1
ID_02de558c5.png,0.87617564,1
ID_e37358df1.png,0.9353655,1
ID_3290afa63.png,0.76555604,1
ID_62d7911cf.png,0.023507714,0
ID_3c0f8ac34.png,0.023760974,0
ID_f7f0b57d3.png,0.02708584,0
ID_9190ed1b5.png,0.023643255,0
ID_298e11c39.png,0.029343784,0
ID_09cec6977.png,0.025349438,0
ID_8d2a0b969.png,0.049813747,0
ID_a39840319.png,0.92156374,1
ID_05e2411e5.png,0.83247745,1
ID_3bc35aa0b.png,0.9423934,1
ID_580ce5703.png,0.023602128,0
ID_93f22568d.png,0.023448944,0
ID_b44d96f96.png,0.023640215,0
ID_c3d83caca.png,0.7611274,1
ID_561a2dc66.png,0.51997465,1
ID_70983b552.png,0.02342832,0
ID_7074e8eda.png,0.025229573,0
ID_522735c77.png,0.023895621,0
ID_932457cba.png,0.026539028,0
ID_eac280562.png,0.023405015,0
ID_766ce230c.png,0.052767456,0
ID_eccea4a2d.png,0.050277293,0
ID_49a6836dd.png,0.9059937,1
ID_ff39e8f29.png,0.1270594,0
ID_7fbe933ef.png,0.02358669,0
ID_9c7da716f.png,0.72814894,1
ID_5e4912bfd.png,0.02397883,0
ID_3e400e9f2.png,0.02753979,0
ID_b3e181d41.png,0.03316319,0
ID_34c7e74e5.png,0.60104537,1
ID_97d48dd39.png,0.024273455,0
ID_4f55dd116.png,0.94422853,1
ID_ca902a994.png,0.3136083,0
ID_fe1473a8c.png,0.9037622,1
ID_b7439a34c.png,0.023570538,0
ID_e1098d41c.png,0.80630434,1
ID_cef596a55.png,0.92328924,1
ID_b2968ac5e.png,0.15648788,0
ID_632caaffd.png,0.025835097,0
ID_9b1f32617.png,0.89377946,1
ID_b5b1237c0.png,0.023644507,0
ID_8d12f44cc.png,0.025483906,0
ID_6fdc77d35.png,0.024390697,0
ID_e0478cb1f.png,0.06561363,0
ID_5718f09a3.png,0.024805129,0
ID_d2a2a21e2.png,0.026215494,0
ID_88cbcd3a5.png,0.028885186,0
ID_1dc8d4f77.png,0.023631811,0
ID_aa7b64448.png,0.8407806,1
ID_ba3b20c00.png,0.023666799,0
ID_2aa2b4511.png,0.027659535,0
ID_d966d30d0.png,0.9421738,1
ID_948fda9d6.png,0.023427665,0
ID_0ab3c2234.png,0.02365148,0
ID_6f6a45624.png,0.89998204,1
ID_84d54a8ae.png,0.023453832,0
ID_ae2d4e1d3.png,0.935627,1
ID_40a52d060.png,0.02810222,0
ID_b7b17c3f8.png,0.15261775,0
ID_93fda4f81.png,0.7517333,1
ID_bf0650b32.png,0.024212182,0
ID_a491ef9c3.png,0.024352908,0
ID_0d735ae70.png,0.026420414,0
ID_9b3a50289.png,0.047531962,0
ID_cc0b58328.png,0.024351656,0
ID_b5173ffb9.png,0.023605347,0
ID_a0eaf6a81.png,0.08668512,0
ID_9ca06e9b9.png,0.024332225,0
ID_7b5220f47.png,0.023580313,0
ID_9572ba07c.png,0.15106988,0
ID_0fa4f429a.png,0.023736477,0
ID_ac10bd05e.png,0.05605817,0
ID_7375b46e7.png,0.023974538,0
ID_0547218d4.png,0.025728166,0
ID_eeadc6601.png,0.024113417,0
ID_cf29313c2.png,0.023467004,0
ID_85b95547e.png,0.06490129,0
ID_a1201e23e.png,0.024166644,0
ID_6d54de33e.png,0.024872899,0
ID_3ca44169d.png,0.02602899,0
ID_b25830783.png,0.03245002,0
ID_1bdde908e.png,0.92336893,1
ID_74f1f7b93.png,0.024428785,0
ID_d4c02ae56.png,0.023701549,0
ID_33a4f80a3.png,0.024642587,0
ID_9bce08729.png,0.8864441,1
ID_4919b6257.png,0.51723397,1
ID_fdb31b5b5.png,0.19002765,0
ID_40d1526f0.png,0.024528265,0
ID_5060be334.png,0.023649395,0
ID_b25e65c25.png,0.024564803,0
ID_55013ddec.png,0.033056498,0
ID_31a54d82f.png,0.2494502,0
ID_f41bcffb6.png,0.041840136,0
ID_6c983d2d0.png,0.024352193,0
ID_6eae22a23.png,0.02615571,0
ID_344690d36.png,0.2489543,0
ID_785b43443.png,0.023524642,0
ID_39e854306.png,0.9295231,1
ID_a9cc917b4.png,0.034003973,0
ID_60cef1b76.png,0.028134346,0
ID_40d0bee4e.png,0.027038872,0
ID_6ef3c73bf.png,0.03957045,0
ID_fcb23b5f0.png,0.024741173,0
ID_241516612.png,0.023608983,0
ID_4dd67814f.png,0.26185632,0
ID_004d72c54.png,0.025084615,0
ID_87148c960.png,0.37947816,0
ID_ca86daf2e.png,0.02518338,0
ID_90c005b4b.png,0.024152935,0
ID_96bbe99be.png,0.08909953,0
ID_e262d89b2.png,0.36223733,0
ID_92e47de84.png,0.030870914,0
ID_6c2ec30c1.png,0.02502793,0
ID_e25abd4f8.png,0.9426538,1
ID_35dea030d.png,0.02461642,0
ID_3693ffb90.png,0.030828118,0
ID_2d5c7fd20.png,0.9424178,1
ID_c01651a25.png,0.78635806,1
ID_1e98e3620.png,0.15657967,0
ID_446d61478.png,0.026894867,0
ID_dc85974b6.png,0.22095925,0
ID_f5f2bb4dd.png,0.028413236,0
ID_5c4dcc812.png,0.02715683,0
ID_c1fa3711b.png,0.045096457,0
ID_c02c11231.png,0.023702502,0
ID_3e0ce6032.png,0.46591395,1
ID_ddbe9f3db.png,0.023604095,0
ID_f646cf921.png,0.94487953,1
ID_3b95d7640.png,0.4700368,1
ID_4e4cc1b50.png,0.023666322,0
ID_05840d9b2.png,0.023531199,0
ID_234ac8ac5.png,0.026265144,0
ID_9eb4ea080.png,0.023971379,0
ID_bba6b389f.png,0.17075872,0
ID_a5193db3e.png,0.45368832,1
ID_b638dc21c.png,0.035868883,0
ID_1cc5fd66e.png,0.02808839,0
ID_ba5a9ad4f.png,0.90732986,1
ID_7f2d87c50.png,0.9429148,1
ID_e7131e2a2.png,0.023484409,0
ID_ee5241349.png,0.4923917,1
ID_3a1cbebc7.png,0.023685575,0
ID_59b2d5617.png,0.04641211,0
ID_2cfaec719.png,0.93017596,1
ID_a73019221.png,0.377648,0
ID_2d815500b.png,0.0633378,0
ID_0011fe81e.png,0.6337328,1
ID_b12a72e56.png,0.04345399,0
ID_2025b7c87.png,0.023403466,0
ID_428b04d67.png,0.9342496,1
ID_2eee18ee9.png,0.9281088,1
ID_91144dc39.png,0.90833306,1
ID_da0672738.png,0.02936536,0
ID_0d2016b4a.png,0.026105285,0
ID_fe2eb80c2.png,0.025099754,0
ID_cfe2c3b0c.png,0.9438388,1
ID_6ae004398.png,0.025083542,0
ID_e6a1813ec.png,0.88984156,1
ID_62ea64e3e.png,0.048627853,0
ID_d233974c5.png,0.024663508,0
ID_95dd87ad7.png,0.9312161,1
ID_9e08ab2f6.png,0.43387216,0
ID_9afa7ea02.png,0.024659276,0
ID_2e7265ade.png,0.9006581,1
ID_36ff547ee.png,0.91395396,1
ID_854c6545e.png,0.08373988,0
ID_df46eded9.png,0.023845375,0
ID_066810bfa.png,0.7698677,1
ID_c3af03271.png,0.02362609,0
ID_09cb00eb4.png,0.92065966,1
ID_3abec8675.png,0.026281953,0
ID_5c185d3bb.png,0.02416414,0
ID_5f6c0e807.png,0.023742616,0
ID_1ba06f06f.png,0.9251453,1
ID_fea965334.png,0.1139946,0
ID_d30de5793.png,0.66998875,1
ID_928f51eb6.png,0.85386896,1
ID_5a25b3947.png,0.9422184,1
ID_1bcd0bf6a.png,0.05694616,0
ID_6da65e2a8.png,0.9450432,1
ID_743b284f8.png,0.02369088,0
ID_73ebcfe74.png,0.023804486,0
ID_b524813e9.png,0.025069058,0
ID_e8e71ecc7.png,0.12934011,0
ID_d0974f42c.png,0.024739444,0
ID_0b27bd5c2.png,0.023571908,0
ID_5cd49901c.png,0.037790716,0
ID_03b8066d3.png,0.023973286,0
ID_82854d73d.png,0.024253905,0
ID_869b40a3d.png,0.02349633,0
ID_364295f16.png,0.02781707,0
ID_01a3312da.png,0.03849995,0
ID_549191503.png,0.9441859,1
ID_2e2105281.png,0.9398047,1
ID_e983817c6.png,0.023831189,0
ID_34838730d.png,0.023782551,0
ID_b445ccc76.png,0.4973256,1
ID_5face2763.png,0.0235852,0
ID_1d7ab2f9d.png,0.023784518,0
ID_93e1958c1.png,0.024267793,0
ID_377f200c9.png,0.8635727,1
ID_7f143dc32.png,0.025835454,0
ID_5ec492fb0.png,0.9219602,1
ID_e9c207ecf.png,0.023485422,0
ID_795637bb9.png,0.023935676,0
ID_702f549f4.png,0.0409593,0
ID_ce3be3911.png,0.023895621,0
ID_917c16615.png,0.02358836,0
ID_f61b15604.png,0.042607725,0
ID_dd7902d50.png,0.024062395,0
ID_d97480b96.png,0.9371238,1
ID_88ca690e5.png,0.33191645,0
ID_6433a947b.png,0.098012805,0
ID_b1d52a2ad.png,0.9451389,1
ID_47a580a48.png,0.735372,1
ID_529d0f5c9.png,0.023498476,0
ID_fef36dee6.png,0.13161534,0
ID_5625cd847.png,0.0237751,0
ID_33fe19a17.png,0.023818612,0
ID_8c1d8db72.png,0.027782321,0
ID_8ff4ca827.png,0.023531795,0
ID_6c51dd230.png,0.030013978,0
ID_7c4922168.png,0.023620427,0
ID_9ae26fe28.png,0.38443744,0
ID_41cd23d84.png,0.8521284,1
ID_cfbf8234f.png,0.07228774,0
ID_433561c8a.png,0.03965962,0
ID_f196d4c4f.png,0.023511767,0
ID_0221b902b.png,0.025514841,0
ID_f8c6f0d84.png,0.90512884,1
ID_91bca8f21.png,0.024420261,0
ID_00f715288.png,0.023519278,0
ID_f441b530e.png,0.023464143,0
ID_380a044d3.png,0.025271833,0
ID_10add734d.png,0.059304297,0
ID_ebf2e90b0.png,0.023656905,0
ID_9d93f24f2.png,0.023523688,0
ID_9eae13c0f.png,0.21610618,0
ID_c6a829e89.png,0.0907563,0
ID_d4c586cf7.png,0.05309528,0
ID_871394273.png,0.038227797,0
ID_d9f19e671.png,0.787287,1
ID_ff4b71b1b.png,0.023553729,0
ID_3e2e5890e.png,0.02684766,0
ID_9960135ea.png,0.38684732,0
ID_0c7f391f7.png,0.942969,1
ID_79ea5a6aa.png,0.2723899,0
ID_d89eae8a6.png,0.027535737,0
ID_ee2d5ae36.png,0.02629286,0
ID_055cf45a9.png,0.033067107,0
ID_5bb4854e1.png,0.050081253,0
ID_30fde3b2a.png,0.023794532,0
ID_409be25c7.png,0.03471607,0
ID_417de54fc.png,0.026723623,0
ID_35a9e2842.png,0.03426957,0
ID_82fffc87a.png,0.023523033,0
ID_088dfdb6a.png,0.06599218,0
ID_65842a80a.png,0.023949921,0
ID_80d1d6b7e.png,0.023431182,0
ID_99730316b.png,0.025435805,0
ID_e4b26cb61.png,0.053830326,0
ID_1bea07570.png,0.80566573,1
ID_8345037d3.png,0.9313779,1
ID_424ce1ad1.png,0.023693979,0
ID_bf9246c05.png,0.8660389,1
ID_6700074e3.png,0.026327431,0
ID_de91b6f09.png,0.92577887,1
ID_1e8759932.png,0.47497594,1
ID_6650e577b.png,0.029233396,0
ID_922a06f72.png,0.023516893,0
ID_7f4dad232.png,0.94410664,1
ID_075f1e561.png,0.025954545,0
ID_4b32b4cee.png,0.93618876,1
ID_4f408849c.png,0.023404479,0
ID_4e143e5eb.png,0.024416566,0
ID_3ec6a5fab.png,0.032223523,0
ID_6e937a954.png,0.040502667,0
ID_bf6030360.png,0.025993764,0
ID_ed469dc30.png,0.02940756,0
ID_6fc8b64e0.png,0.023667276,0
ID_70241d859.png,0.026992142,0
ID_a2fd38a34.png,0.027353764,0
ID_a351077b9.png,0.11852646,0
ID_f67649fec.png,0.88460463,1
ID_0b0a1315d.png,0.026631534,0
ID_cfffc8540.png,0.023784757,0
ID_f1f3cf802.png,0.04153186,0
ID_72acbe145.png,0.03502661,0
ID_686a48990.png,0.023479283,0
ID_f6ed1dbd4.png,0.023457468,0
ID_e148a5f62.png,0.12971061,0
ID_9fdfcdade.png,0.7305207,1
ID_596002c77.png,0.030292273,0
ID_853da218a.png,0.024492323,0
ID_399d97c02.png,0.024678588,0
ID_276bb0002.png,0.025561929,0
ID_7c7fd0599.png,0.61046433,1
ID_27a44cabd.png,0.0567922,0
ID_b7483ca5b.png,0.023603976,0
ID_c906b2916.png,0.8232968,1
ID_041f7d55e.png,0.24547815,0
ID_f04064220.png,0.02973473,0
ID_a0eaa5279.png,0.023600519,0
ID_114609bb6.png,0.8402264,1
ID_251c73ba8.png,0.8843088,1
ID_c02e8f06e.png,0.024026752,0
ID_d59a2e696.png,0.023534834,0
ID_a1ba8331a.png,0.02394104,0
ID_916b07ba2.png,0.6056841,1
ID_60c496255.png,0.04188633,0
ID_b92f9ed07.png,0.023455739,0
ID_7eb916342.png,0.02728498,0
ID_9962257fa.png,0.9384963,1
ID_3248245c0.png,0.065238595,0
ID_bad0e5893.png,0.070531964,0
ID_bb76193dc.png,0.678208,1
ID_b7ba43a05.png,0.023549855,0
ID_73b4300f7.png,0.023491204,0
ID_1afdccd5e.png,0.8789943,1
ID_f90c3b863.png,0.6135241,1
ID_3db850eb8.png,0.025553524,0
ID_16dfebefc.png,0.87036216,1
ID_ee5e292f0.png,0.67377126,1
ID_3629f409f.png,0.023527145,0
ID_b0269e068.png,0.024016201,0
ID_cb27c6ec3.png,0.8868107,1
ID_6c916bf90.png,0.85514367,1
ID_d5ba67b26.png,0.024402797,0
ID_8be3aafe3.png,0.81477,1
ID_f7f0ae79d.png,0.03609699,0
ID_f0ab919dd.png,0.025944114,0
ID_4a0151632.png,0.037706494,0
ID_af9abf371.png,0.08598137,0
ID_1ccc1ebe5.png,0.026360631,0
ID_1034e75a9.png,0.023568928,0
ID_4e53873be.png,0.023679852,0
ID_5f349fe0f.png,0.023388982,0
ID_38bead868.png,0.023849726,0
ID_3b4d63fff.png,0.83969843,1
ID_0fdae27e9.png,0.060052574,0
ID_fe05f97b6.png,0.039425015,0
ID_81ef03e77.png,0.9426147,1
ID_7a0b05acb.png,0.02740854,0
ID_abe70d78d.png,0.029460788,0
ID_e3f760b81.png,0.9424076,1
ID_3bc436100.png,0.074101985,0
ID_3167574aa.png,0.04351729,0
ID_9f635901b.png,0.025037766,0
ID_d57a0efae.png,0.023573935,0
ID_9fdce175e.png,0.02646041,0
ID_5c21490eb.png,0.024011433,0
ID_4fdbc71c3.png,0.9399323,1
ID_2102681d3.png,0.02968061,0
ID_8c2d1e71a.png,0.023729265,0
ID_d5c531918.png,0.027338088,0
ID_2ee0505fb.png,0.80288374,1
ID_cb7273c22.png,0.93178844,1
ID_600817672.png,0.3954184,0
ID_31301f382.png,0.023768723,0
ID_3457e468c.png,0.023422182,0
ID_e4ef1740b.png,0.8160142,1
ID_349191096.png,0.0238837,0
ID_c31346934.png,0.04179561,0
ID_f90af12ab.png,0.024854839,0
ID_01fe90211.png,0.7583455,1
ID_656eeaf13.png,0.02499324,0
ID_57fbebd21.png,0.944362,1
ID_5b5ae69c6.png,0.89007086,1
ID_0c6cb4607.png,0.9023413,1
ID_a04bc3b64.png,0.91929454,1
ID_128f889b1.png,0.9448193,1
ID_b2744ce9b.png,0.026537895,0
ID_59826aaf5.png,0.9446013,1
ID_0f4ab96aa.png,0.36188352,0
ID_aa55b4991.png,0.8250449,1
ID_d37e1b6f9.png,0.030249,0
ID_330223870.png,0.93094313,1
ID_fe0b3567f.png,0.9408138,1
ID_4b7d301cf.png,0.023467124,0
ID_07574aa58.png,0.024233699,0
ID_8f2b5c56d.png,0.02534771,0
ID_218241086.png,0.034332275,0
ID_bb67c4c15.png,0.023421943,0
ID_5542683da.png,0.058382034,0
ID_1255a32b9.png,0.023570418,0
ID_309b31e5f.png,0.48083693,1
ID_a15689acf.png,0.8807334,1
ID_5abc41676.png,0.031529486,0
ID_cdab5f257.png,0.02349937,0
ID_b04f57b1b.png,0.023429036,0
ID_8602d13c8.png,0.03340894,0
ID_dcfb35c6d.png,0.94217,1
ID_c0dbd6e79.png,0.02919966,0
ID_2905ec2c8.png,0.024713159,0
ID_bcfb43285.png,0.023622453,0
ID_7f030b92e.png,0.03777182,0
ID_1428e7ba1.png,0.023537576,0
ID_eb5bb5ba7.png,0.03604257,0
ID_e855776ec.png,0.9447458,1
ID_b0e96ee4c.png,0.02489388,0
ID_6243413f3.png,0.025015116,0
ID_86242dc04.png,0.92797047,1
ID_6079d5845.png,0.023486435,0
ID_3ece7031b.png,0.02444774,0
ID_2892d816e.png,0.9336149,1
ID_7b32caa67.png,0.029528856,0
ID_adca2580b.png,0.035999298,0
ID_6b8fe08ab.png,0.024279892,0
ID_a2e7da171.png,0.023733854,0
